<?xml version="1.0" encoding="UTF-8" standalone="yes"?>
<addon id="script.psgc.launcher" name="PSGC Launcher" version="1.0.0" provider-name="The Papaw">
    <requires>
        <import addon="xbmc.python" version="3.0.0"/>
    </requires>
    <extension point="xbmc.python.script" library="default.py">
        <provides>game executable</provides>
    </extension>
    <extension point="xbmc.addon.metadata">
        <summary lang="en_GB">Launches LaunchBox in Big Box mode from within PSMC.</summary>
        <disclaimer lang="en_GB">For bugs, requests or general questions visit the PSMC-19 Repository on GitHub.</disclaimer>
        <description lang="en_GB">Launches LaunchBox in Big Box mode from within PSMC - It will close or minimize PSMC, launch LaunchBox in Big Box mode and when Big Box is exited PSMC will restart or maximize, with the option to run programs pre/post LaunchBox. It works with PSMC or Kodi on Windows platform only.</description>
        <news>Inital Release.</news>
        <platform>windx</platform>
        <language>en</language>
        <license>GNU GENERAL PUBLIC LICENSE. Version 2, June 1991</license>
        <forum></forum>
        <website>https://github.com/ThePapaw/psmc-19</website>
        <source>https://github.com/ThePapaw/psmc-19</source>
        <email></email>
        <assets>
            <icon>resources/icon.png</icon>
            <fanart>resources/fanart.jpg</fanart>
            <screenshot>resources/screenshot-01.jpg</screenshot>
        </assets>
    </extension>
</addon>