<?xml version="1.0" encoding="UTF-8"?>
<addon id="skin.papaws.azr.redux" version="1.2.7" name="Papaw's AZR Redux" provider-name="The Papaw">
    <requires>
        <import addon="xbmc.gui" version="5.15.0"/>
        <import addon="script.skinshortcuts" version="2.0.3"/>
        <import addon="script.globalsearch" version="5.0.0"/>
        <import addon="script.image.resource.select" version="0.0.5"/>
        <import addon="resource.uisounds.psmc" version="0.0.5"/>
        <import addon="resource.images.weathericons.white" version="0.0.6"/>
        <import addon="script.embuary.info" version="2.0.8"/>
        <import addon="script.embuary.helper" version="2.0.8"/>
        <import addon="plugin.video.themoviedb.helper" version="4.10.14"/>
    </requires>
    <extension point="xbmc.gui.skin" defaultthemename="Textures.xbt" debugging="false" effectslowdown="1">
        <res width="1920" height="1080" aspect="16:9" default="true" folder="1080i" />
    </extension>
    <extension point="xbmc.addon.metadata">
        <platform>all</platform>
        <license>CC BY-NC-SA 4.0</license>
        <source>https://github.com/ThePapaw/psmc-19</source>
        <assets>
            <icon>icon.png</icon>
            <fanart>fanart.jpg</fanart>
            <screenshot>resources/screenshot-01.jpg</screenshot>
            <screenshot>resources/screenshot-02.jpg</screenshot>
            <screenshot>resources/screenshot-03.jpg</screenshot>
            <screenshot>resources/screenshot-04.jpg</screenshot>
            <screenshot>resources/screenshot-05.jpg</screenshot>
            <screenshot>resources/screenshot-06.jpg</screenshot>
            <screenshot>resources/screenshot-07.jpg</screenshot>
            <screenshot>resources/screenshot-08.jpg</screenshot>
            <screenshot>resources/screenshot-09.jpg</screenshot>
            <screenshot>resources/patreon.jpg</screenshot>
        </assets>
        <news>1.2.5[CR]- Minor Fixes</news>
        <summary lang="de">Overweeg alstublieft om onze inspanningen te ondersteunen met een [B][COLOR deepskyblue]kopje koffie[/COLOR][/B] door de onderstaande QR-code te scannen.</summary>
        <summary lang="en">Please consider supporting our efforts with a [B][COLOR deepskyblue]cup of coffee[/COLOR][/B] by scanning the QR code below.</summary>
        <summary lang="en_AU">Please consider supporting our efforts with a [B][COLOR deepskyblue]cup of coffee[/COLOR][/B] by scanning the QR code below.</summary>
        <summary lang="en_US">Please consider supporting our efforts with a [B][COLOR deepskyblue]cup of coffee[/COLOR][/B] by scanning the QR code below.</summary>
        <summary lang="es">Considere apoyar nuestros esfuerzos con una [B][COLOR deepskyblue]taza de café[/COLOR][/B] escaneando el código QR a continuación.</summary>
        <summary lang="fr">Veuillez envisager de soutenir nos efforts avec une [B][COLOR deepskyblue]tasse de café[/COLOR][/B] en scannant le code QR ci-dessous.</summary>
        <summary lang="fr_CA">Veuillez envisager de soutenir nos efforts avec une [B][COLOR deepskyblue]tasse de café[/COLOR][/B] en scannant le code QR ci-dessous.</summary>
        <summary lang="lt">Apsvarstykite galimybę paremti mūsų pastangas su [B][COLOR deepskyblue]puodeliu kavos[/COLOR][/B] nuskaitydami toliau pateiktą QR kodą.</summary>
        <summary lang="nl">Overweeg alstublieft om onze inspanningen te ondersteunen met een [B][COLOR deepskyblue]kopje koffie[/COLOR][/B] door de onderstaande QR-code te scannen.</summary>
        <summary lang="pl">Prosimy, rozważ wsparcie naszych wysiłków filiżanką [B][COLOR deepskyblue]kawy[/COLOR][/B], skanując poniższy kod QR.</summary>
        <summary lang="ro">Vă rugăm să luați în considerare sprijinirea eforturilor noastre cu o [B][COLOR deepskyblue]ceașă de cafea[/COLOR][/B] prin scanarea codului QR de mai jos.</summary>
        <summary lang="ru">Пожалуйста, поддержите наши усилия [B][COLOR deepskyblue]чашкой кофе[/COLOR][/B], отсканировав QR-код ниже.</summary>
        <description lang="de">Papaw's AZR Redux is gebaseerd op de originele Arctic Zephyr-skin gemaakt door jurialmunkey. De AZR Redux van Papaw is eenvoudig, strak, minimalistisch en uiterst aanpasbaar.[CR][CR]Overweeg alstublieft om onze inspanningen te ondersteunen met een [B][COLOR deepskyblue]kopje koffie[/COLOR][/B] door de QR te scannen code hieronder of ga naar [COLOR deepskyblue]https://bit.ly/44BJaMp[/COLOR]. Bedankt voor uw steun.</description>
        <description lang="en">Papaw's AZR Redux is based on the original Arctic Zephyr skin created by jurialmunkey. Papaw's AZR Redux is abut being simple, clean, minimalistic and extremely customizable.[CR][CR]Please consider supporting our efforts with a [B][COLOR deepskyblue]cup of coffee[/COLOR][/B] by scanning the QR code below or visiting [COLOR deepskyblue]https://bit.ly/44BJaMp[/COLOR]. Thank you for your patronage.</description>
        <description lang="en_AU">Papaw's AZR Redux is based on the original Arctic Zephyr skin created by jurialmunkey. Papaw's AZR Redux is abut being simple, clean, minimalistic and extremely customizable.[CR][CR]Please consider supporting our efforts with a [B][COLOR deepskyblue]cup of coffee[/COLOR][/B] by scanning the QR code below or visiting [COLOR deepskyblue]https://bit.ly/44BJaMp[/COLOR]. Thank you for your patronage.</description>
        <description lang="en_US">Papaw's AZR Redux is based on the original Arctic Zephyr skin created by jurialmunkey. Papaw's AZR Redux is abut being simple, clean, minimalistic and extremely customizable.[CR][CR]Please consider supporting our efforts with a [B][COLOR deepskyblue]cup of coffee[/COLOR][/B] by scanning the QR code below or visiting [COLOR deepskyblue]https://bit.ly/44BJaMp[/COLOR]. Thank you for your patronage.</description>
        <description lang="fr">L'AZR Redux de Papaw est basé sur le skin original Arctic Zephyr créé par jurialmunkey. AZR Redux de Papaw est simple, propre, minimaliste et extrêmement personnalisable.[CR][CR]Veuillez envisager de soutenir nos efforts avec une [B][COLOR deepskyblue]tasse de café[/COLOR][/B] en scannant le QR code ci-dessous ou en visitant [COLOR deepskyblue]https://bit.ly/44BJaMp[/COLOR]. Merci pour votre parrainage.</description>
    </extension>
</addon>
