<?xml version="1.0" encoding="UTF-8"?>
<addon id="skin.psmc.smoke" version="1.0.1" name="PSMC Smoke" provider-name="The Papaw">
    <requires>
        <import addon="xbmc.gui" version="5.15.0"/>
        <import addon="script.skinshortcuts" version="0.4.0"/>
        <import addon="script.globalsearch" version="5.0.0"/>
        <import addon="script.image.resource.select" version="0.0.5"/>
        <import addon="resource.images.weathericons.white" version="0.0.6"/>
        <import addon="script.skin.helper.colorpicker" version="1.0.11"/>
        <import addon="script.embuary.info" version="0.0.1"/>
        <import addon="script.embuary.helper" version="1.2.14"/>
        <import addon="plugin.video.themoviedb.helper" version="0.0.1"/>
    </requires>
    <extension point="xbmc.gui.skin" defaultthemename="Textures.xbt" debugging="false" effectslowdown="1">
		<res width="1920" height="1080" aspect="16:9" default="true" folder="1080i" />
		<res width="1920" height="1200" aspect="16:10" default="false" folder="1080i" />
    </extension>
    <extension point="xbmc.addon.metadata">
        <platform>all</platform>
        <license>CC BY-NC-SA 4.0</license>
        <forum></forum>
		<website>https://github.com/ThePapaw/psmc-19</website>
        <source>https://github.com/ThePapaw/psmc-19</source>
        <assets>
            <icon>icon.png</icon>
            <fanart>fanart.jpg</fanart>
            <screenshot>resources/screenshot-01.jpg</screenshot>
            <screenshot>resources/screenshot-02.jpg</screenshot>
            <screenshot>resources/screenshot-03.jpg</screenshot>
            <screenshot>resources/screenshot-04.jpg</screenshot>
            <screenshot>resources/screenshot-05.jpg</screenshot>
            <screenshot>resources/screenshot-06.jpg</screenshot>
            <screenshot>resources/screenshot-07.jpg</screenshot>
            <screenshot>resources/screenshot-08.jpg</screenshot>
            <screenshot>resources/screenshot-09.jpg</screenshot>
            <screenshot>resources/screenshot-10.jpg</screenshot>
        </assets>
        <news>1.0.1[CR]- Inital Release</news>
        <summary lang="en">PSMC Smoke... A new skin designed for PSMC-19 or Kodi. Clean, minimal, elegant, simple, light. Based on the original Arctic: Zephyr skin by jurialmunkey.</summary>
        <summary lang="en_US">PSMC Smoke... A new skin designed for PSMC-19 or Kodi. Clean, minimal, elegant, simple, light. Based on the original Arctic: Zephyr skin by jurialmunkey.</summary>
        
        <description lang="en">Designed for PSMC or Kodi. Many design layouts to choose from! This skin was forked from the Arctic: Zephyr Mod. Please give credit to all those involved in making that mod!</description>
        <description lang="en_US">Designed for PSMC or Kodi. Many design layouts to choose from! This skin was forked from the Arctic: Zephyr Mod. Please give credit to all those involved in making that mod!</description>
    </extension>
</addon>
