<?xml version="1.0" encoding="utf-8"?>
<!-- PSMC Max -->
<window id="1111">
    <defaultcontrol always="true">77777</defaultcontrol>
    <menucontrol>900</menucontrol>
    <include>CustomMaxWinProps</include>
    <include>MaxViews_WindowOpen_Fade</include>
    <controls>
        <!-- fake go-to-fullscreen button-->
        <control type="button" id="509">
            <visible allowhiddenfocus="true">false</visible>
            <onfocus>FullScreen</onfocus>
        </control>

        <include>GlobalBackground</include>
        <!--NowPlaying-->
        <include>NowPlayingBackground</include>
        <include>NowPlayingInfoBar</include>
        <!-- hidden submenu for count calculations -->
        <include condition="!Skin.HasSetting(DisableAllSubmenus)">hiddenSubmenu</include>
        <include>HomeMax</include>
        <include condition="Skin.HasSetting(DebugGrid) | Skin.HasSetting(DebugInfo)">DebugInfo</include>
    </controls>
</window>
