<?xml version="1.0" encoding="UTF-8" standalone="yes"?>
<addon id="script.fuzzybritches_v3.artwork" version="1.0.7" name="Fuzzy Britches v3 Artwork" provider-name="The Papaw">
    <requires>
        <!--<import addon="xbmc.python" version="2.19.0"/>-->
    </requires>
    <extension point="xbmc.python.module" library="lib" />
    <extension point="xbmc.addon.metadata">
        <summary lang="en_GB">Artwork for Fuzzy Britches v3</summary>
        <description lang="en_GB">Fuzzy Britches v3 Artwork is part of Fuzzy Britches v3 and the PSMC Collection[CR] - Enjoy!</description>
        <platform>all</platform>
        <license>CC BY-NC-SA 4.0</license>
        <forum />
		<website>https://github.com/ThePapaw/fuzzybritches</website>
		<source>https://github.com/ThePapaw/fuzzybritches</source>
        <disclaimer lang="en_GB">The author of this add-on does not host any of the content which is found and has no affiliation with any of the content providers. This add-on simply searches websites for content. Use at your own risk![CR]This project uses API's from TMDb, Trakt, Fanart.tv, but is not affiliated nor endorsed by any of their respective ogranizations.[CR]Please support them accordingly.</disclaimer>
        <assets>
			<icon>icon.png</icon>
			<icon>icon.gif</icon>
			<fanart>fanart.jpg</fanart>
        </assets>
        <news>
- See Changelog on Tools menu
        </news>
    </extension>
</addon>
