<?xml version="1.0" encoding="UTF-8"?>
<addon id="skin.psmc.man.of.steel" version="1.2.19" name="PSMC's Man of Steel Skin" provider-name="The Papaw">
	<requires>
		<import addon="xbmc.gui" version="5.15.0" />
		<import addon="script.skinshortcuts" version="1.0.17" />
		<import addon="resource.uisounds.psmc-manofsteel" version="1.0.0" />
	</requires>
	<extension point="xbmc.gui.skin" debugging="false">
		<res width="1920" height="1080" aspect="16:9" default="true" folder="16x9" />
	</extension>
	<extension point="xbmc.addon.metadata">
		<summary lang="en">[COLOR FFFFFF00]COMPLETELEY[/COLOR] redesigned. Skin updated and modded. Added home screen animation [I][COLOR FFE67300]{can be disabled in settings}[/COLOR][/I], new features and views.</summary>
		<description lang="en">[COLOR FFFFFF00]COMPLETELEY[/COLOR] redesigned. Skin updated and modded. Added home screen animation [COLOR FFE67300] which can be disabled in settings[/COLOR], new features and views. Created for use with PSMC [I]{a Kodi fork}[/I]. Please give credit to Mike, The Papaw and all others that have contributed.[I][COLOR FFE67300] You will need to enable the Man Of Steel GUI SOUNDS in the System Settings if you wish to use them.[/COLOR][/I] [I](themed from AeonNoxSilvo)[/I] </description>
		<platform>all</platform>
		<license>CC BY-NC-SA 4.0</license>
		<forum></forum>
		<website>https://github.com/ThePapaw/psmc-19</website>
		<source>https://github.com/ThePapaw/psmc-19</source>
		<video_guide></video_guide>
		<assets>
			<icon>icon.png</icon>
			<fanart>fanart.jpg</fanart>
			<screenshot>resources/screenshots/screenshot-01.jpg</screenshot>
			<screenshot>resources/screenshots/screenshot-02.jpg</screenshot>
			<screenshot>resources/screenshots/screenshot-03.jpg</screenshot>
			<screenshot>resources/screenshots/screenshot-04.jpg</screenshot>
			<screenshot>resources/screenshots/screenshot-05.jpg</screenshot>
			<screenshot>resources/screenshots/screenshot-06.jpg</screenshot>
			<screenshot>resources/screenshots/screenshot-07.jpg</screenshot>
			<screenshot>resources/screenshots/screenshot-08.jpg</screenshot>
			<screenshot>resources/screenshots/screenshot-09.jpg</screenshot>
			<screenshot>resources/screenshots/screenshot-10.jpg</screenshot>
			<screenshot>resources/screenshots/screenshot-11.jpg</screenshot>
			<screenshot>resources/screenshots/screenshot-12.jpg</screenshot>
		</assets>
		<news>[B][I][COLOR FFFFFF00]Skin updated, modded and Completely Redesigned[/COLOR][/I][/B][CR][COLOR FF00D5FF]- Added NEW Home Screen Animation[/COLOR][CR][COLOR FF00D5FF]- Additional Falling Seasons[/COLOR][CR][COLOR FFE67300]Included with v7.9.4 Silvo update by Mike[/COLOR][CR]- Fix Live TV OSD button focus when unable to pause[CR]- Fixes to DialogSelect[CR]- Fix no items in Ask Default Background selection on new installs[CR]- Drop Skin Helper Widgets for favorites and use favourites:// path instead[CR]- Update and add some missing icons[CR]- Fix Netherlands rating classification images[CR]- Update and re-design PVR Group Manager[CR]- Fix Menu resetting to defaults[CR]- Add TMDb search from DialogVideoInfo Extras on Home screen[CR]- Fix missing icon/poster in SlimList[CR]- PVR updates and additions[CR]- Updated language files from Transifex[CR]- Revert removal of bottom OSD button position[CR]- Add option to use Skin Info Service for Movie Set Plots in Video Info[CR]- Fix default letter jump appearing on side menu settings button focus[CR]- Add "fixed" option for video RightList[CR]- Tweak Vertical Menu fixed behaviour to match Horizontal[CR]- Rework Live TV guide with icons from Estuary and re-add channel logos[CR]- Add disable to submenu items in Main Menu Customizer[CR]- Add information setting to SlimList[CR]- Remove script.extendedinfo and add script.embuary.info support[CR]- Add DialogVideoInfo for sets[CR]- Add some v19 skin engine changes[CR]- Use script.embuary.helper for Similiar and Directer movies in DialogVideoInfo[CR]- Add missing PVR label to Widget info[CR]- Add Glow Bars and System Glow Bars to color customizer[CR]- Add Jump to Letter bar to Video library using script.embuary.helper[CR]- Fix playlist backgrounds for Main Menu not following user set rotation speed[CR]- Redesign DialogExtendedProgressBar and DialogVolumeBar[CR]- Make OSD buttons on top default and remove option[CR]- Redesign PlayerProcessInfo[CR]- Clean up Main Menu and Widget Customizers[CR]- Fill empty space with more info in some views[CR][CR][B]All updates may contain various changes and/or improvements[/B][CR][I][COLOR FFFF0202]Please give credit to all the devolopers (Especially Mike) that has shared most of these changes. Also all others that have and do contribute to this skin![/COLOR][/I]</news>
	</extension>
</addon>
