﻿<?xml version="1.0" encoding="UTF-8" standalone="yes"?>
<addon id="plugin.video.rdtools" version="1.0.6" name="Real-Debrid Tools" provider-name="The Papaw">
	<requires>
		<import addon="xbmc.python" version="3.0.0" />
		<import addon="script.module.beautifulsoup4" />
		<import addon="script.module.requests" />


	</requires>
	<extension point="xbmc.python.pluginsource" library="main.py">
		<provides>video</provides>
	</extension>
	<extension point="xbmc.service" library="service.py" start="startup" />


	<extension point="xbmc.addon.metadata">
        <description>This addon allows you to stream or download video files that are already transfered into your Real-Debrid account! The author does not host or distribute any of the content displayed by this addon. The author does not have any affiliation with the content provider.
		</description>

		<summary lang="en">Real-Debrid Tools Addon</summary>
		<platform>all</platform>
        <license>CC BY-NC-SA 4.0</license>
		<forum>-</forum>
		<website>https://github.com/ThePapaw/psmc-19</website>
		<source>https://github.com/ThePapaw/psmc-19</source>
		<assets>
			<icon>icon.png</icon>
			<fanart>fanart.jpg</fanart>
		</assets>
		<news>
- See Changelog
                </news>
	</extension>
</addon>