<?xml version="1.0" encoding="UTF-8"?>
<addon id="resource.uisounds.psmc-toystory" version="1.1.19" name="PSMC's Toy Story GUI Sounds" provider-name="The Papaw">
  <requires>
    <import addon="kodi.resource" version="1.0.0"/>
  </requires>
  <extension point="kodi.resource.uisounds"/>
  <extension point="kodi.addon.metadata">
    <summary lang="en">GUI Sounds for the PSMC's Spiderman skin.</summary>
	<description lang="en">These GUI Sounds were created for use with the PSMC's Toy Story skin.</description>
    <platform>all</platform>
	<license>CC BY-NC-SA 4.0</license>
		<forum></forum>
		<website>https://github.com/ThePapaw/psmc-19</website>
		<source>https://github.com/ThePapaw/psmc-19</source>
		<video_guide></video_guide>
		<assets>
			<icon>icon.png</icon>
			<fanart>fanart.jpg</fanart>
		</assets>
		<news>Created for the PSMC's Toy Story skin themed and modded by The Papaw[CR]- Initial release</news>
  </extension>
</addon>
