<?xml version="1.0" encoding="UTF-8"?>
<addon id="plugin.video.gotv"
       name="Go-Tv"
       version="1.0.7"
       provider-name="The Papaw">
<requires>
  <import addon="xbmc.python" version="3.0.0"/>
  <import addon="script.module.requests" version="2.25.1"/>
</requires>
<extension point="xbmc.python.pluginsource" library="addon.py">
  <provides>video</provides>
</extension>
<extension point="xbmc.addon.metadata">
  <summary lang="en">Go-Tv</summary>
  <description lang="en_GB">Go-Tv</description>
  <disclaimer lang="en_GB">The author of this addon do not host any of the content which is found and has no affiliation with any of the content providers. This addon simply searches websites for content.</disclaimer>
  <assets>
	<icon>icon.png</icon>
	<fanart>fanart.jpg</fanart>
  </assets>
</extension>
</addon>
