<?xml version="1.0" encoding="UTF-8"?>
<addon id="resource.uisounds.psmc" version="1.0.1" name="PSMC GUI Sounds" provider-name="The Papaw">
  <requires>
    <import addon="kodi.resource" version="1.0.0"/>
  </requires>
  <extension point="kodi.resource.uisounds"/>
  <extension point="kodi.addon.metadata">
    <summary lang="en">PSMC GUI sounds</summary>
    <description lang="en">PSMC GUI sounds</description>
    <platform>all</platform>
    <assets>
      <icon>icon.png</icon>
    </assets>
  </extension>
</addon>
