<?xml version="1.0" encoding="UTF-8"?>
<!-- PSMC Max -->
<window type="dialog" id="1152">
    <onload>ClearProperty(ratedislike,Home)</onload>
    <onunload>AlarmClock(clear,ClearProperty(showrateoptions,Home),00:00,silent)</onunload>
    <onunload>AlarmClock(clear2,ClearProperty(ratebuttonposition,Home),00:00,silent)</onunload>
    <visible>!String.IsEmpty(Window(Home).Property(ratedislike))</visible>
    <animation effect="fade" start="100" end="0" time="700">WindowClose</animation>
    <controls />
</window>