<?xml version="1.0" encoding="UTF-8"?>
<window type="window" id="1150">
    <defaultcontrol always="true">3615</defaultcontrol>
    <animation effect="fade" start="100" end="0" time="500">WindowClose</animation>
    <onunload>CancelAlarm(GoHome,true)</onunload>
    <controls>
        <control type="group">
            <control type="image" description="Background">
                <include>Dimensions_Fullscreen</include>
                <texture colordiffuse="$VAR[StartupDiffuse]">$VAR[StartupFanart]</texture>
                <animation effect="fade" start="100" end="0" time="500" tween="quadratic">WindowClose</animation>
            </control>
            <control type="button" id="3615">
                <visible allowhiddenfocus="true">false</visible>
		        <onfocus condition="String.IsEmpty(Skin.String(StartupPlaylist))">AlarmClock(GoHome,ReplaceWindow($INFO[System.StartupWindow]),00:04,silent)</onfocus>
                <onfocus condition="String.IsEmpty(Skin.String(StartupPlaylist))">AlarmClock(FocusButton,SetFocus(3616),00:01,silent)</onfocus>
                <onfocus condition="!String.IsEmpty(Skin.String(StartupPlaylist))">AlarmClock(GoToCheck,SetFocus(9000),00:00,silent)</onfocus>
            </control>            
            <control type="button" id="9000">
                <include>HiddenButton</include>
                <onfocus>AlarmClock(Check1,SetFocus(9002),00:01,silent)</onfocus>
                <onfocus condition="!String.IsEmpty(Skin.String(StartupPlaylist)) + !Player.HasMedia">AlarmClock(PlayStartupVideo,PlayMedia($ESCINFO[Skin.String(StartupPlaylist)],1),00:00,silent,false)</onfocus>
                <onback>ReplaceWindow($INFO[System.StartupWindow])</onback>
                <onback>Stop</onback>
            </control>
            <control type="button" id="9001">
                <include>HiddenButton</include>
                <onfocus condition="!Player.HasMedia">ReplaceWindow($INFO[System.StartupWindow])</onfocus>                
                <onfocus condition="Player.HasMedia">AlarmClock(Check3,SetFocus(9002),00:01,silent)</onfocus>
                <onback>ReplaceWindow($INFO[System.StartupWindow])</onback>
                <onback>Stop</onback>
            </control>
            <control type="button" id="9002">
                <include>HiddenButton</include>
                <onfocus>AlarmClock(Check2,SetFocus(9001),00:01,silent)</onfocus>
                <onback>ReplaceWindow($INFO[System.StartupWindow])</onback>
                <onback>Stop</onback>
            </control>   
            <control type="button" id="3616">
                <include>HiddenButton</include>   
            </control>
            <control type="label">
                <description>Loading</description>
                <width>100%</width>
                <height>100%</height>
                <align>center</align>
                <aligny>center</aligny>
                <label>Smoke [COLOR=$VAR[ColorHighlight]]by[/COLOR]</label>
                <font>EpisodeNumber</font>
                <textcolor>Dark1</textcolor>
	            <animation effect="fade" start="100" end="0" time="500">WindowClose</animation>
                <visible>String.IsEmpty(Skin.String(StartupPlaylist)) + String.IsEmpty(Skin.String(startupfanart.fallback))</visible>
            </control>
            <control type="image">
                <left>1020</left>
                <top>605</top>
                <width>331</width>
                <height>87</height>
                <centertop>50%</centertop>
                <texture>misc/logo.png</texture>
                <animation effect="fade" start="0" end="100" time="500">Visible</animation>
	            <animation effect="fade" start="100" end="0" time="500">WindowClose</animation>
                <visible>String.IsEmpty(Skin.String(StartupPlaylist)) + String.IsEmpty(Skin.String(startupfanart.fallback)) + Control.HasFocus(3616)</visible>
            </control>
            <control type="videowindow">
                <visible>Player.HasVideo + !String.IsEmpty(Skin.String(StartupPlaylist))</visible>
                <include>Dimensions_Fullscreen</include>
            </control>            
        </control>
    </controls>
</window>