<?xml version="1.0" encoding="UTF-8"?>
<!-- Foundation -->
<window type="dialog" id="1120">
    <zorder>1</zorder>
    <defaultcontrol always="true">9000</defaultcontrol>
    <controls>
        <include>GlobalOverlay</include>
        <include>Animation.Common</include>
        <control type="group">
            <height>620</height>
            <include>Def9000Background</include>
            <control type="group">
                <left>22</left>
                <top>22</top>
                <control type="label">
                    <description>Header Label</description>
                    <left>70</left>
                    <width>1000</width>
                    <posy>0</posy>
                    <include>FontTop</include>
                    <textcolor>Dark2</textcolor>
                    <label>14018</label>
                </control>
                <include>PSMC_Logo</include>

                <!-- Lines -->
                <control type="image">
                    <top>70</top>
                    <left>17</left>
                    <width>385</width>
                    <height>1</height>
                    <bottom>10</bottom>
                    <colordiffuse>Black12</colordiffuse>
                    <texture>common/white.png</texture>
                </control>
            </control>
            <include content="Def9000Arrows"><param name="arrow_bottom" value="620" /></include>
            <include content="Def_Gradient_Settings_Image">
                <param name="controlid" value="9000"/>
                <param name="left" value="8"/>
                <param name="top" value="112"/>
                <param name="width" value="450"/>
            </include>
            <control type="grouplist" id="9000">
                <posx>8</posx>
                <posy>112</posy>
                <width>510</width>
                <height>490</height>
                <itemgap>0</itemgap>
                <usecontrolcoords>true</usecontrolcoords>
                <scrolltime>0</scrolltime>
                <onright>Dialog.Close(1120)</onright>
                <onleft>Dialog.Close(1120)</onleft>
                <usecontrolcoords>true</usecontrolcoords>
                <control type="button" id="80" description="SELECT OSD">
                    <include>DefContextButtonGradient</include>
                    <align>left</align>
                    <label>31295</label>
                    <label2>$VAR[OSDMusicTypeLabel]</label2>
                    <onclick condition="!Skin.HasSetting(osd.usethemeNewOSDMusic)">Skin.Reset(osd.usethemeNewOSDMusicSide)</onclick>
                    <onclick condition="!Skin.HasSetting(osd.usethemeNewOSDMusic)">Skin.ToggleSetting(osd.usethemeNewOSDMusic)</onclick>
                    <onclick condition="Skin.HasSetting(osd.usethemeNewOSDMusic)">Skin.Reset(osd.usethemeNewOSDMusicSide)</onclick>
                    <onclick condition="Skin.HasSetting(osd.usethemeNewOSDMusic)">Skin.ToggleSetting(osd.usethemeNewOSDMusic)</onclick>
                </control>
                <control type="button" id="801">
                    <include>DefContextMenuLabel</include>
                    <label>24013</label>
                </control>
                <control type="radiobutton" id="81">
                    <description>Filter</description>
                    <include>DefContextButtonGradient</include>
                    <align>left</align>
                    <label>31026</label>
                    <selected>Skin.HasSetting(musicosd.showvideolyrics)</selected>
                    <onclick>Skin.ToggleSetting(musicosd.showvideolyrics)</onclick>
                    <disabledcolor>$VAR[OSDPanelWhite12]</disabledcolor>
                    <onclick condition="!System.HasAddon(script.cu.lrclyrics)">InstallAddon(script.cu.lrclyrics)</onclick>
                </control>
                <control type="radiobutton" id="85">
                    <description>Filter</description>
                    <include>DefContextButtonGradient</include>
                    <align>left</align>
                    <label>13379</label>
                    <selected>!Skin.HasSetting(osd.morecontrast)</selected>
                    <onclick>Skin.ToggleSetting(osd.morecontrast)</onclick>
                    <disabledcolor>$VAR[OSDPanelWhite12]</disabledcolor>
                </control>
                <control type="radiobutton" id="92">
                    <description>Filter</description>
                    <include>DefContextButtonGradient</include>
                    <label>31557</label>
                    <align>left</align>
                    <selected>Skin.HasSetting(hideseekbaronlyrics)</selected>
                    <onclick>Skin.ToggleSetting(hideseekbaronlyrics)</onclick>
                </control>
                <control type="radiobutton" id="93">
                    <description>Filter</description>
                    <include>DefContextButtonGradient</include>
                    <label>31558</label>
                    <align>left</align>
                    <selected>Skin.HasSetting(HideMusicOSDOnLyrics)</selected>
                    <onclick>Skin.ToggleSetting(HideMusicOSDOnLyrics)</onclick>
                </control>
                <control type="button" id="805">
                    <include>DefContextMenuLabel</include>
                    <label>$LOCALIZE[24010]</label>
                </control>                
                <control type="button" id="140">
                    <description>Visualisation</description>
                    <include>DefContextButtonGradient</include>
                    <label>$LOCALIZE[250]:</label>
                    <label2 fallback="424">$VAR[LabelVisualisation]</label2>
                    <align>left</align>
                    <onclick>SendClick(500)</onclick>
                </control>
                <control type="button" id="142">
                    <description>Visualisation</description>
                    <include>DefContextButtonGradient</include>
                    <align>left</align>
                    <label>$LOCALIZE[13388]:</label>
                    <label2>$VAR[LabelVisualisationPresent]</label2>
                    <onclick>ActivateWindow(visualisationpresetlist)</onclick>
                    <enable>Visualisation.HasPresets</enable>
                </control>
                <control type="button" id="141">
                    <description>Visualisation</description>
                    <include>DefContextButtonGradient</include>
                    <label>$LOCALIZE[5]</label>
                    <align>left</align>
                    <onclick>Addon.Default.OpenSettings(xbmc.player.musicviz)</onclick>
                    <enable>!String.IsEmpty(Visualisation.Name)</enable>
                </control>
                <control type="radiobutton" id="135" description="Show visualisation in background">
                    <align>left</align>
                    <include>DefContextButtonGradient</include>
                    <label>31583</label>
                    <selected>Skin.HasSetting(OSDVisualisation.ShowFanart)</selected>
                    <onclick>Skin.ToggleSetting(OSDVisualisation.ShowFanart)</onclick>
                    <enable>!String.IsEmpty(Visualisation.Name) + [Skin.HasSetting(musicvis.fanartfallback) | [!Skin.HasSetting(ArtistSlideShow.Disabled) + System.AddonIsEnabled(script.artistslideshow)]]</enable>
                </control>
                <control type="button" id="802">
                    <include>DefContextMenuLabel</include>
                    <label>31459</label>
                </control>
                <control type="radiobutton" id="114">
                    <description>Filter</description>
                    <include>DefContextButtonGradient</include>
                    <label>31566</label>
                    <align>left</align>
                    <selected>Skin.HasSetting(ShowMusicCD)</selected>
                    <onclick>Skin.ToggleSetting(ShowMusicCD)</onclick>
                </control>
                <control type="button" id="115">
                    <include>DefContextButtonGradient</include>
                    <align>left</align>
                    <label>$LOCALIZE[31387]:</label>
                    <label2>$VAR[OSDDiscArtLabel]</label2>
                    <onclick condition="!Skin.HasSetting(osd.music.disc.fallback.vinyl) + !Skin.HasSetting(osd.music.disc.fake.cd)">Skin.ToggleSetting(osd.music.disc.fallback.vinyl)</onclick>
                    <onclick condition="Skin.HasSetting(osd.music.disc.fallback.vinyl)">Skin.ToggleSetting(osd.music.disc.fake.cd)</onclick>
                    <onclick condition="Skin.HasSetting(osd.music.disc.fake.cd)">Skin.Reset(osd.music.disc.fake.cd)</onclick>
                    <onclick condition="Skin.HasSetting(osd.music.disc.fallback.vinyl)">Skin.Reset(osd.music.disc.fallback.vinyl)</onclick>
                    <enable>Skin.HasSetting(ShowMusicCD)</enable>
                </control>
                <control type="button" id="803">
                    <include>DefContextMenuLabel</include>
                    <label>33068</label>
                </control>
                <control type="radiobutton" id="150" description="Background">
                    <align>left</align>
                    <include>DefContextButtonGradient</include>
                    <label>31657</label>
                    <selected>!Skin.HasSetting(musicvisualisation.hide.background)</selected>
                    <onclick>Skin.ToggleSetting(musicvisualisation.hide.background)</onclick>
                </control>
                <control type="button" id="123" description="Fallback Fanart">
                    <include>DefContextButtonGradient</include>
                    <align>left</align>
                    <label>$LOCALIZE[31567]:</label>
                    <label2>$VAR[LabelFallbackImage]</label2>
                    <onclick>SetProperty(Dialog.1.Label,$LOCALIZE[16018])</onclick>
                    <onclick>SetProperty(Dialog.1.BuiltIn,Skin.Reset(fanart.fallback.music))</onclick>
                    <onclick>SetProperty(Dialog.2.Label,$LOCALIZE[31271])</onclick>
                    <onclick>SetProperty(Dialog.2.BuiltIn,Skin.SetImage(fanart.fallback.music))</onclick>
                    <onclick>RunScript(script.embuary.helper,action=createselect,header=$LOCALIZE[31150])</onclick>
                </control>
                <control type="radiobutton" id="130" description="Show Fanart">
                    <align>left</align>
                    <include>DefContextButtonGradient</include>
                    <label>20445</label>
                    <selected>Skin.HasSetting(musicvis.fanartfallback)</selected>
                    <enable>!System.AddonIsEnabled(script.artistslideshow) | Skin.HasSetting(ArtistSlideShow.Disabled)</enable>
                    <onclick>Skin.ToggleSetting(musicvis.fanartfallback)</onclick>
                </control>
                <control type="radiobutton" id="131" description="Show slideshow in background">
                    <align>left</align>
                    <include>DefContextButtonGradient</include>
                    <label>31561</label>
                    <enable>System.AddonIsEnabled(script.artistslideshow)</enable>
                    <onclick condition="!System.HasAddon(script.cu.lrclyrics)">InstallAddon(script.cu.lrclyrics)</onclick>
                    <selected>!Skin.HasSetting(ArtistSlideShow.Disabled)</selected>
                    <onclick>Skin.ToggleSetting(ArtistSlideShow.Disabled)</onclick>
                </control>
                <control type="radiobutton" id="132" description="Animate Artist slideshow">
                    <align>left</align>
                    <include>DefContextButtonGradient</include>
                    <label>31354</label>
                    <selected>Skin.HasSetting(ArtistSlideshow.Animate)</selected>
                    <onclick>Skin.ToggleSetting(ArtistSlideshow.Animate)</onclick>
                    <enable>Skin.HasSetting(musicvis.fanartfallback) | [!Skin.HasSetting(ArtistSlideShow.Disabled) + System.AddonIsEnabled(script.artistslideshow)]</enable>
                </control>
                <control type="button" id="804">
                    <include>DefContextMenuLabel</include>
                    <label>31077</label>
                </control>
                <control type="button" id="122" description="SELECT ART">
                    <include>DefContextButtonGradient</include>
                    <align>left</align>
                    <label>$LOCALIZE[31568]:</label>
                    <label2>$VAR[OSDMusicArtLabel]</label2>
                    <onclick condition="!Skin.HasSetting(ShowClearLogoMusicOSD) + !Skin.HasSetting(ShowClearArtMusicOSD)">Skin.ToggleSetting(ShowClearLogoMusicOSD)</onclick>
                    <onclick condition="Skin.HasSetting(ShowClearLogoMusicOSD)">Skin.ToggleSetting(ShowClearArtMusicOSD)</onclick>
                    <onclick condition="Skin.HasSetting(ShowClearLogoMusicOSD)">Skin.Reset(ShowClearLogoMusicOSD)</onclick>
                    <onclick condition="Skin.HasSetting(ShowClearArtMusicOSD)">Skin.Reset(ShowClearArtMusicOSD)</onclick>
                </control>
                <control type="radiobutton" id="107" description="Match theme">
                    <include>DefContextButtonGradient</include>
                    <align>left</align>
                    <label>31559</label>
                    <selected>!Skin.HasSetting(HideMusicScrollingText)</selected>
                    <onclick>Skin.ToggleSetting(HideMusicScrollingText)</onclick>
                </control>
                <control type="radiobutton" id="119">
                    <description>Filter</description>
                    <include>DefContextButtonGradient</include>
                    <label>21891</label>
                    <align>left</align>
                    <selected>Skin.HasSetting(osd.artistinfos)</selected>
                    <onclick>Skin.ToggleSetting(osd.artistinfos)</onclick>
                </control>
                <control type="radiobutton" id="108">
                    <description>Handlung</description>
                    <include>DefContextButtonGradient</include>
                    <label>31560</label>
                    <align>left</align>
                    <selected>Skin.HasSetting(musicosd.numericrating)</selected>
                    <onclick>Skin.ToggleSetting(musicosd.numericrating)</onclick>
                </control>
            </control>
        </control>
    </controls>
</window>