<?xml version="1.0" encoding="UTF-8"?>
<!-- Foundation -->
<window type="dialog" id="1109">
    <onload condition="String.IsEqual(Container.Viewmode, $LOCALIZE[31091])">SetFocus(3125)</onload>
    <onload condition="String.IsEqual(Container.Viewmode, $LOCALIZE[31265])">SetFocus(3121)</onload>
    <onload condition="String.IsEqual(Container.Viewmode, $LOCALIZE[31072]) + !Container.Content(seasons) + !Container.Content(episodes)">SetFocus(3122)</onload>
    <onload condition="String.IsEqual(Container.Viewmode, $LOCALIZE[31523]) + [Container.Content(seasons) | Container.Content(episodes)]">SetFocus(3101)</onload>
    <onload condition="String.IsEqual(Container.Viewmode, $LOCALIZE[31491])">SetFocus(3102)</onload>
    <onload condition="String.IsEqual(Container.Viewmode, $LOCALIZE[31522] $LOCALIZE[20360])">SetFocus(3103)</onload>
    <onload condition="String.IsEqual(Container.Viewmode, $LOCALIZE[31491] $LOCALIZE[33054])">SetFocus(3104)</onload>
    <onload condition="String.IsEqual(Container.Viewmode, $LOCALIZE[31027])">SetFocus(3123)</onload>
    <onload condition="String.IsEqual(Container.Viewmode, $LOCALIZE[31014])">SetFocus(3124)</onload>
    <onload condition="String.IsEqual(Container.Viewmode, $LOCALIZE[544])">SetFocus(3139)</onload>
    <onload condition="String.IsEqual(Container.Viewmode, $LOCALIZE[20180])">SetFocus(3127)</onload>
    <onload condition="String.IsEqual(Container.Viewmode, $LOCALIZE[31147])">SetFocus(3128)</onload>
    <onload condition="String.IsEqual(Container.Viewmode, $LOCALIZE[31258])">SetFocus(3129)</onload>
    <onload condition="String.IsEqual(Container.Viewmode, $LOCALIZE[31244])">SetFocus(3130)</onload>
    <onload condition="String.IsEqual(Container.Viewmode, $LOCALIZE[539])">SetFocus(3131)</onload>
    <onload condition="String.IsEqual(Container.Viewmode, $LOCALIZE[31422])">SetFocus(3132)</onload>
    <onload condition="String.IsEqual(Container.Viewmode, $LOCALIZE[31198])">SetFocus(3133)</onload>
    <onload condition="String.IsEqual(Container.Viewmode, $LOCALIZE[31423])">SetFocus(3134)</onload>
    <onload condition="String.IsEqual(Container.Viewmode, $LOCALIZE[21371])">SetFocus(3135)</onload>
    <onload condition="String.IsEqual(Container.Viewmode, $LOCALIZE[31419])">SetFocus(3136)</onload>
    <onload condition="String.IsEqual(Container.Viewmode, $LOCALIZE[535])">SetFocus(3138)</onload>
    <onload condition="String.IsEqual(Container.Viewmode, $LOCALIZE[31081])">SetFocus(3126)</onload>
    <onload condition="String.IsEqual(Container.Viewmode, $LOCALIZE[31015])">SetFocus(3141)</onload>
    <onload condition="String.IsEqual(Container.Viewmode, $LOCALIZE[31240])">SetFocus(3142)</onload>
    <onload condition="String.IsEqual(Container.Viewmode, $LOCALIZE[31325])">SetFocus(3140)</onload>
    <onload condition="String.IsEqual(Container.Viewmode, $LOCALIZE[31327])">SetFocus(3157)</onload>
    <onload condition="String.IsEqual(Container.Viewmode, $LOCALIZE[31333])">SetFocus(3143)</onload>
    <onload condition="String.IsEqual(Container.Viewmode, $LOCALIZE[31369])">SetFocus(3119)</onload>
    <onload condition="String.IsEqual(Container.Viewmode, $LOCALIZE[31099])">SetFocus(3120)</onload>
    <onload condition="String.IsEqual(Container.Viewmode, $LOCALIZE[31530])">SetFocus(3158)</onload>
    <onload condition="String.IsEqual(Container.Viewmode, $LOCALIZE[535] $LOCALIZE[31591])">SetFocus(31381)</onload>
    <onload condition="String.IsEmpty(System.CurrentControlID)">SetFocus(3138)</onload>
    <allowoverlay>yes</allowoverlay>
    <zorder>100</zorder>
    <controls>
        <control type="group">
            <include>Animation.FadeIn</include>
            <include>Animation.FadeOut</include>
            <left>-42</left>
            <control type="image">
                <left>590</left>
                <top>184</top>
                <width>466</width>
                <height>690</height>
                <colordiffuse>White100</colordiffuse>
                <texture border="16">common/rounded-shadow8.png</texture>
            </control>
            <control type="group">
                <left>612</left>
                <top>206</top>
                <control type="label">
                    <description>Header Label</description>
                    <left>70</left>
                    <width>1000</width>
                    <posy>0</posy>
                    <include>FontTop</include>
                    <textcolor>Dark2</textcolor>
                    <label>582</label>
                </control>
                <include>PSMC_Logo</include>

                <!-- Lines -->
                <control type="image">
                    <top>70</top>
                    <left>17</left>
                    <width>388</width>
                    <height>1</height>
                    <bottom>10</bottom>
                    <colordiffuse>Black12</colordiffuse>
                    <texture>common/white.png</texture>
                </control>
            </control>
            <control type="group">
                <left>805</left>
                <top>200</top>
                <control type="image">
                    <description>arrow image</description>
                    <top>-32</top>
                    <include>arrowdimensions</include>
                    <texture colordiffuse="White70" flipy="true">common/arrow-small.png</texture>
                </control>
                <control type="image">
                    <description>arrow image</description>
                    <top>673</top>
                    <include>arrowdimensions</include>
                    <texture colordiffuse="White70" flipy="false">common/arrow-small.png</texture>
                </control>
            </control>
            <include content="Def_Gradient_Settings_Image">
                <param name="controlid" value="9001"/>
                <param name="left" value="598"/>
                <param name="top" value="296"/>
                <param name="width" value="450"/>
            </include>
            <control type="grouplist" id="9001">
                <height>560</height>
                <left>598</left>
                <top>296</top>
                <onleft>SetFocus(9305)</onleft>
                <onleft>Close</onleft>
                <onright>SetFocus(9305)</onright>
                <onright>Close</onright>
                <itemgap>0</itemgap>
                <scrolltime>0</scrolltime>
                <width>450</width>
                <control type="button" id="3138">
                    <include>DefContextButtonGradient</include>
                    <label>535</label>
                    <align>left</align>
                    <include condition="Skin.HasSetting(enable.forcedviews)">unlock_views</include>
                    <onclick>Container.SetViewMode(50)</onclick>
                    <onclick>Close</onclick>
                </control>
                <control type="button" id="3121">
                    <include>DefContextButtonGradient</include>
                    <label>31265</label>
                    <align>left</align>
                    <include condition="Skin.HasSetting(enable.forcedviews)">unlock_views</include>
                    <onclick>Container.SetViewMode(507)</onclick>
                    <onclick>Close</onclick>
                    <enable>!Container.Content(actors) + !Container.Content(files)</enable>
                </control>
                <control type="button" id="3123">
                    <include>DefContextButtonGradient</include>
                    <label>31027</label>
                    <align>left</align>
                    <include condition="Skin.HasSetting(enable.forcedviews)">unlock_views</include>
                    <onclick>Container.SetViewMode(509)</onclick>
                    <onclick>Close</onclick>
                    <enable>!Container.Content(episodes) + !Container.Content(actors) + !Container.Content(files)</enable>
                </control>
                <control type="button" id="3122">
                    <include>DefContextButtonGradient</include>
                    <label>31072</label>
                    <align>left</align>
                    <include condition="Skin.HasSetting(enable.forcedviews)">unlock_views</include>
                    <onclick>Container.SetViewMode(510)</onclick>
                    <onclick>Close</onclick>
                    <enable>!Container.Content(actors) + !Container.Content(files)</enable>
                </control>
                <control type="button" id="3101">
                    <include>DefContextButtonGradient</include>
                    <label>$LOCALIZE[31523] $LOCALIZE[20360]</label>
                    <align>left</align>
                    <include condition="Skin.HasSetting(enable.forcedviews)">unlock_views</include>
                    <onclick>Container.SetViewMode(520)</onclick>
                    <onclick>Close</onclick>
                    <visible>Container.Content(seasons) | Container.Content(episodes)</visible>
                </control>
                <control type="button" id="3102">
                    <include>DefContextButtonGradient</include>
                    <label>31491</label>
                    <align>left</align>
                    <include condition="Skin.HasSetting(enable.forcedviews)">unlock_views</include>
                    <onclick>Container.SetViewMode(521)</onclick>
                    <onclick>Close</onclick>
                    <enable>Container.Content(movies) | Container.Content(tvshows) | Container.Content(seasons) | Container.Content(episodes) | Container.Content(sets) | Container.Content(videos)</enable>
                </control>
                <control type="button" id="3103">
                    <include>DefContextButtonGradient</include>
                    <label>$LOCALIZE[31522] $LOCALIZE[20360]</label>
                    <align>left</align>
                    <include condition="Skin.HasSetting(enable.forcedviews)">unlock_views</include>
                    <onclick>Container.SetViewMode(522)</onclick>
                    <onclick>Close</onclick>
                    <enable>Container.Content(movies) | Container.Content(tvshows) | Container.Content(seasons) | Container.Content(episodes) | Container.Content(videos)</enable>
                </control>
                <control type="button" id="3104">
                    <include>DefContextButtonGradient</include>
                    <label>$LOCALIZE[31491] $LOCALIZE[33054]</label>
                    <align>left</align>
                    <include condition="Skin.HasSetting(enable.forcedviews)">unlock_views</include>
                    <onclick>Container.SetViewMode(524)</onclick>
                    <onclick>Close</onclick>
                    <enable>Container.Content(seasons)</enable>
                </control>
                <control type="button" id="3142">
                    <include>DefContextButtonGradient</include>
                    <label>31240</label>
                    <align>left</align>
                    <include condition="Skin.HasSetting(enable.forcedviews)">unlock_views</include>
                    <onclick>Container.SetViewMode(514)</onclick>
                    <onclick>Close</onclick>
                    <enable>!Container.Content(actors) + !Container.Content(files)</enable>
                </control>
                <control type="button" id="3124">
                    <include>DefContextButtonGradient</include>
                    <label>31014</label>
                    <align>left</align>
                    <include condition="Skin.HasSetting(enable.forcedviews)">unlock_views</include>
                    <onclick>Container.SetViewMode(504)</onclick>
                    <onclick>Close</onclick>
                    <enable>!Container.Content(actors) + !Container.Content(files)</enable>
                </control>
                <control type="button" id="3125">
                    <include>DefContextButtonGradient</include>
                    <label>31091</label>
                    <align>left</align>
                    <include condition="Skin.HasSetting(enable.forcedviews)">unlock_views</include>
                    <onclick>Container.SetViewMode(512)</onclick>
                    <onclick>Close</onclick>
                    <visible>!Container.Content(episodes) + !Container.Content(actors) + !Container.Content(files)</visible>
                </control>
                <control type="button" id="3126">
                    <include>DefContextButtonGradient</include>
                    <label>31081</label>
                    <align>left</align>
                    <include condition="Skin.HasSetting(enable.forcedviews)">unlock_views</include>
                    <onclick>Container.SetViewMode(511)</onclick>
                    <onclick>Close</onclick>
                    <visible>!Container.Content(actors) + !Container.Content(files)</visible>
                </control>
                <control type="button" id="3127">
                    <include>DefContextButtonGradient</include>
                    <label>31521</label>
                    <align>left</align>
                    <include condition="Skin.HasSetting(enable.forcedviews)">unlock_views</include>
                    <onclick>Container.SetViewMode(55)</onclick>
                    <onclick>Close</onclick>
                    <enable>!Container.Content(episodes) + !Container.Content(actors) + !Container.Content(files)</enable>
                </control>
                <control type="button" id="3143">
                    <include>DefContextButtonGradient</include>
                    <label>31333</label>
                    <align>left</align>
                    <include condition="Skin.HasSetting(enable.forcedviews)">unlock_views</include>
                    <onclick>Container.SetViewMode(517)</onclick>
                    <onclick>Close</onclick>
                    <enable>Container.Content(musicvideos) | Container.Content(movies) | Container.Content(tvshows) | Container.Content(sets) | Container.Content(videos)</enable>
                </control>
                <control type="button" id="3128">
                    <include>DefContextButtonGradient</include>
                    <label>31147</label>
                    <align>left</align>
                    <include condition="Skin.HasSetting(enable.forcedviews)">unlock_views</include>
                    <onclick>Container.SetViewMode(57)</onclick>
                    <onclick>Close</onclick>
                </control>
                <control type="button" id="3129">
                    <include>DefContextButtonGradient</include>
                    <label>31258</label>
                    <align>left</align>
                    <include condition="Skin.HasSetting(enable.forcedviews)">unlock_views</include>
                    <onclick>Container.SetViewMode(555)</onclick>
                    <onclick>Close</onclick>
                    <enable>!Container.Content(actors)</enable>
                </control>
                <control type="button" id="3130">
                    <include>DefContextButtonGradient</include>
                    <label>31244</label>
                    <align>left</align>
                    <include condition="Skin.HasSetting(enable.forcedviews)">unlock_views</include>
                    <onclick>Container.SetViewMode(59)</onclick>
                    <onclick>Close</onclick>
                    <enable>Container.Content(movies) | Container.Content(tvshows) | Container.Content(videos)</enable>
                </control>
                <control type="button" id="3131">
                    <include>DefContextButtonGradient</include>
                    <label>539</label>
                    <align>left</align>
                    <include condition="Skin.HasSetting(enable.forcedviews)">unlock_views</include>
                    <onclick>Container.SetViewMode(54)</onclick>
                    <onclick>Close</onclick>
                    <enable>!Container.Content(actors) + !Container.Content(files)</enable>
                </control>
                <control type="button" id="3132">
                    <include>DefContextButtonGradient</include>
                    <label>31422</label>
                    <align>left</align>
                    <include condition="Skin.HasSetting(enable.forcedviews)">unlock_views</include>
                    <onclick>Container.SetViewMode(51)</onclick>
                    <onclick>Close</onclick>
                    <enable>!Container.Content(actors) + !Container.Content(files)</enable>
                </control>
                <control type="button" id="3133">
                    <include>DefContextButtonGradient</include>
                    <label>31198</label>
                    <align>left</align>
                    <include condition="Skin.HasSetting(enable.forcedviews)">unlock_views</include>
                    <onclick>Container.SetViewMode(58)</onclick>
                    <enable>!Container.Content(files)</enable>
                    <onclick>Close</onclick>
                </control>
                <control type="button" id="3134">
                    <include>DefContextButtonGradient</include>
                    <label>31423</label>
                    <align>left</align>
                    <include condition="Skin.HasSetting(enable.forcedviews)">unlock_views</include>
                    <onclick>Container.SetViewMode(52)</onclick>
                    <enable>!Container.Content(files)</enable>
                    <onclick>Close</onclick>
                </control>
                <control type="button" id="3135">
                    <include>DefContextButtonGradient</include>
                    <label>21371</label>
                    <align>left</align>
                    <include condition="Skin.HasSetting(enable.forcedviews)">unlock_views</include>
                    <onclick>Container.SetViewMode(500)</onclick>
                    <enable>!Container.Content(files)</enable>
                    <onclick>Close</onclick>
                </control>
                <control type="button" id="3136">
                    <include>DefContextButtonGradient</include>
                    <label>31419</label>
                    <align>left</align>
                    <include condition="Skin.HasSetting(enable.forcedviews)">unlock_views</include>
                    <onclick>Container.SetViewMode(53)</onclick>
                    <onclick>Close</onclick>
                    <enable>!Container.Content(episodes) + !Container.Content(actors) + !Container.Content(files)</enable>
                </control>
                <control type="button" id="31381">
                    <include>DefContextButtonGradient</include>
                    <label>$LOCALIZE[535] $LOCALIZE[31591]</label>
                    <align>left</align>
                    <include condition="Skin.HasSetting(enable.forcedviews)">unlock_views</include>
                    <onclick>Container.SetViewMode(527)</onclick>
                    <enable>!Container.Content(episodes) + !Container.Content(actors) + !Container.Content(files)</enable>
                    <onclick>Close</onclick>
                </control>
                <control type="button" id="3139">
                    <include>DefContextButtonGradient</include>
                    <label>544</label>
                    <align>left</align>
                    <include condition="Skin.HasSetting(enable.forcedviews)">unlock_views</include>
                    <onclick>Container.SetViewMode(56)</onclick>
                    <enable>!Container.Content(files)</enable>
                    <onclick>Close</onclick>
                </control>
                <control type="button" id="3140">
                    <include>DefContextButtonGradient</include>
                    <label>31325</label>
                    <align>left</align>
                    <include condition="Skin.HasSetting(enable.forcedviews)">unlock_views</include>
                    <onclick>Container.SetViewMode(515)</onclick>
                    <onclick>Close</onclick>
                    <enable>!Container.Content(actors) + !Container.Content(files)</enable>
                </control>
                <control type="button" id="3141">
                    <include>DefContextButtonGradient</include>
                    <label>31015</label>
                    <align>left</align>
                    <include condition="Skin.HasSetting(enable.forcedviews)">unlock_views</include>
                    <onclick>Container.SetViewMode(501)</onclick>
                    <onclick>Close</onclick>
                    <enable>!Container.Content(actors) + !Container.Content(files)</enable>
                </control>
                <control type="button" id="3119">
                    <include>DefContextButtonGradient</include>
                    <label>31369</label>
                    <align>left</align>
                    <include condition="Skin.HasSetting(enable.forcedviews)">unlock_views</include>
                    <onclick>Container.SetViewMode(519)</onclick>
                    <onclick>Close</onclick>
                    <enable>!Container.Content(episodes) + !Container.Content(actors) + !Container.Content(files)</enable>
                </control>
                <control type="button" id="3157">
                    <include>DefContextButtonGradient</include>
                    <label>31327</label>
                    <align>left</align>
                    <include condition="Skin.HasSetting(enable.forcedviews)">unlock_views</include>
                    <onclick>Container.SetViewMode(516)</onclick>
                    <onclick>Close</onclick>
                    <enable>Container.Content(seasons)</enable>
                </control>
                <control type="button" id="3158">
                    <include>DefContextButtonGradient</include>
                    <label>31530</label>
                    <align>left</align>
                    <include condition="Skin.HasSetting(enable.forcedviews)">unlock_views</include>
                    <onclick>Container.SetViewMode(526)</onclick>
                    <onclick>Close</onclick>
                    <enable>Container.Content(seasons)</enable>
                </control>
                <control type="button" id="3120">
                    <include>DefContextButtonGradient</include>
                    <label>31099</label>
                    <align>left</align>
                    <include condition="Skin.HasSetting(enable.forcedviews)">unlock_views</include>
                    <onclick>Container.SetViewMode(513)</onclick>
                    <onclick>Close</onclick>
                    <enable>!Container.Content(actors)</enable>
                </control>
            </control>
            <control type="group">
                <left>41</left>
                <control type="image">
                    <left>1025</left>
                    <top>184</top>
                    <width>822</width>
                    <height>481</height>
                    <colordiffuse>White100</colordiffuse>
                    <texture border="16">common/rounded-shadow8.png</texture>
                </control>
                <control type="image">
                    <description>Thumb image</description>
                    <left>1046</left>
                    <top>205</top>
                    <width>780</width>
                    <height>439</height>
                    <texture border="5">$VAR[ImageViewSelector]</texture>
                </control>
            </control>
        </control>
    </controls>
</window>
