<?xml version="1.0" encoding="UTF-8"?>
<!-- Foundation -->
<includes>
    <include name="CustomSettings_Items.BackgroundBrightness">
        <item>
            <label>$NUMBER[5]%</label>
            <property name="SettingsName">$LOCALIZE[464]</property>
            <onclick>Skin.SetString(BackgroundBrightness,5)</onclick>
            <onclick>Close</onclick>
            <include condition="String.IsEqual(Skin.String(BackgroundBrightness),5)">Item_Selected</include>
        </item>
        <item>
            <label>$NUMBER[10]%</label>
            <onclick>Skin.SetString(BackgroundBrightness,10)</onclick>
            <onclick>Close</onclick>
            <include condition="String.IsEqual(Skin.String(BackgroundBrightness),10)">Item_Selected</include>
        </item>
        <item>
            <label>$NUMBER[15]% - $LOCALIZE[571]</label>
            <onclick>Skin.SetString(BackgroundBrightness,15)</onclick>
            <onclick>Close</onclick>
            <include condition="String.IsEqual(Skin.String(BackgroundBrightness),15) | String.IsEmpty(Skin.String(BackgroundBrightness))">Item_Selected</include>
        </item>
        <item>
            <label>$NUMBER[20]%</label>
            <onclick>Skin.SetString(BackgroundBrightness,20)</onclick>
            <onclick>Close</onclick>
            <include condition="String.IsEqual(Skin.String(BackgroundBrightness),20)">Item_Selected</include>
        </item>
        <item>
            <label>$NUMBER[25]%</label>
            <onclick>Skin.SetString(BackgroundBrightness,25)</onclick>
            <onclick>Close</onclick>
            <include condition="String.IsEqual(Skin.String(BackgroundBrightness),25)">Item_Selected</include>
        </item>
        <item>
            <label>$NUMBER[30]%</label>
            <onclick>Skin.SetString(BackgroundBrightness,30)</onclick>
            <onclick>Close</onclick>
            <include condition="String.IsEqual(Skin.String(BackgroundBrightness),30)">Item_Selected</include>
        </item>
        <item>
            <label>$NUMBER[35]%</label>
            <onclick>Skin.SetString(BackgroundBrightness,35)</onclick>
            <onclick>Close</onclick>
            <include condition="String.IsEqual(Skin.String(BackgroundBrightness),35)">Item_Selected</include>
        </item>
        <item>
            <label>$NUMBER[40]%</label>
            <onclick>Skin.SetString(BackgroundBrightness,40)</onclick>
            <onclick>Close</onclick>
            <include condition="String.IsEqual(Skin.String(BackgroundBrightness),40)">Item_Selected</include>
        </item>
        <item>
            <label>$NUMBER[45]%</label>
            <onclick>Skin.SetString(BackgroundBrightness,45)</onclick>
            <onclick>Close</onclick>
            <include condition="String.IsEqual(Skin.String(BackgroundBrightness),45)">Item_Selected</include>
        </item>
        <item>
            <label>$NUMBER[50]%</label>
            <onclick>Skin.SetString(BackgroundBrightness,50)</onclick>
            <onclick>Close</onclick>
            <include condition="String.IsEqual(Skin.String(BackgroundBrightness),50)">Item_Selected</include>
        </item>
        <item>
            <label>$NUMBER[55]%</label>
            <onclick>Skin.SetString(BackgroundBrightness,55)</onclick>
            <onclick>Close</onclick>
            <include condition="String.IsEqual(Skin.String(BackgroundBrightness),55)">Item_Selected</include>
        </item>
        <item>
            <label>$NUMBER[60]%</label>
            <onclick>Skin.SetString(BackgroundBrightness,60)</onclick>
            <onclick>Close</onclick>
            <include condition="String.IsEqual(Skin.String(BackgroundBrightness),60)">Item_Selected</include>
        </item>
        <item>
            <label>$NUMBER[65]%</label>
            <onclick>Skin.SetString(BackgroundBrightness,65)</onclick>
            <onclick>Close</onclick>
            <include condition="String.IsEqual(Skin.String(BackgroundBrightness),65)">Item_Selected</include>
        </item>
        <item>
            <label>$NUMBER[70]%</label>
            <onclick>Skin.SetString(BackgroundBrightness,70)</onclick>
            <onclick>Close</onclick>
            <include condition="String.IsEqual(Skin.String(BackgroundBrightness),70)">Item_Selected</include>
        </item>
    </include>

    <include name="CustomSettings_Items.BackgroundBrightnessBlur">
        <item>
            <label>$NUMBER[0]%</label>
            <property name="SettingsName">$LOCALIZE[464]</property>
            <onclick>Skin.SetString(BackgroundBrightnessBlur,0)</onclick>
            <onclick>Close</onclick>
            <include condition="String.IsEqual(Skin.String(BackgroundBrightnessBlur),0)">Item_Selected</include>
        </item>
        <item>
            <label>$NUMBER[5]%</label>
            <onclick>Skin.SetString(BackgroundBrightnessBlur,5)</onclick>
            <onclick>Close</onclick>
            <include condition="String.IsEqual(Skin.String(BackgroundBrightnessBlur),5)">Item_Selected</include>
        </item>
        <item>
            <label>$NUMBER[10]%</label>
            <onclick>Skin.SetString(BackgroundBrightnessBlur,10)</onclick>
            <onclick>Close</onclick>
            <include condition="String.IsEqual(Skin.String(BackgroundBrightnessBlur),10)">Item_Selected</include>
        </item>
        <item>
            <label>$NUMBER[15]%</label>
            <onclick>Skin.SetString(BackgroundBrightnessBlur,15)</onclick>
            <onclick>Close</onclick>
            <include condition="String.IsEqual(Skin.String(BackgroundBrightnessBlur),15)">Item_Selected</include>
        </item>
        <item>
            <label>$NUMBER[20]%</label>
            <onclick>Skin.SetString(BackgroundBrightnessBlur,20)</onclick>
            <onclick>Close</onclick>
            <include condition="String.IsEqual(Skin.String(BackgroundBrightnessBlur),20)">Item_Selected</include>
        </item>
        <item>
            <label>$NUMBER[25]% - $LOCALIZE[571]</label>
            <onclick>Skin.SetString(BackgroundBrightnessBlur,25)</onclick>
            <onclick>Close</onclick>
            <include condition="String.IsEqual(Skin.String(BackgroundBrightnessBlur),25) | String.IsEmpty(Skin.String(BackgroundBrightnessBlur))">Item_Selected</include>
        </item>
        <item>
            <label>$NUMBER[30]%</label>
            <onclick>Skin.SetString(BackgroundBrightnessBlur,30)</onclick>
            <onclick>Close</onclick>
            <include condition="String.IsEqual(Skin.String(BackgroundBrightnessBlur),30)">Item_Selected</include>
        </item>
        <item>
            <label>$NUMBER[35]%</label>
            <onclick>Skin.SetString(BackgroundBrightnessBlur,35)</onclick>
            <onclick>Close</onclick>
            <include condition="String.IsEqual(Skin.String(BackgroundBrightnessBlur),35)">Item_Selected</include>
        </item>
        <item>
            <label>$NUMBER[40]%</label>
            <onclick>Skin.SetString(BackgroundBrightnessBlur,40)</onclick>
            <onclick>Close</onclick>
            <include condition="String.IsEqual(Skin.String(BackgroundBrightnessBlur),40)">Item_Selected</include>
        </item>
        <item>
            <label>$NUMBER[45]%</label>
            <onclick>Skin.SetString(BackgroundBrightnessBlur,45)</onclick>
            <onclick>Close</onclick>
            <include condition="String.IsEqual(Skin.String(BackgroundBrightnessBlur),45)">Item_Selected</include>
        </item>
        <item>
            <label>$NUMBER[50]%</label>
            <onclick>Skin.SetString(BackgroundBrightnessBlur,50)</onclick>
            <onclick>Close</onclick>
            <include condition="String.IsEqual(Skin.String(BackgroundBrightnessBlur),50)">Item_Selected</include>
        </item>
        <item>
            <label>$NUMBER[55]%</label>
            <onclick>Skin.SetString(BackgroundBrightnessBlur,55)</onclick>
            <onclick>Close</onclick>
            <include condition="String.IsEqual(Skin.String(BackgroundBrightnessBlur),55)">Item_Selected</include>
        </item>
        <item>
            <label>$NUMBER[60]%</label>
            <onclick>Skin.SetString(BackgroundBrightnessBlur,60)</onclick>
            <onclick>Close</onclick>
            <include condition="String.IsEqual(Skin.String(BackgroundBrightnessBlur),60)">Item_Selected</include>
        </item>
        <item>
            <label>$NUMBER[65]%</label>
            <onclick>Skin.SetString(BackgroundBrightnessBlur,65)</onclick>
            <onclick>Close</onclick>
            <include condition="String.IsEqual(Skin.String(BackgroundBrightnessBlur),65)">Item_Selected</include>
        </item>
        <item>
            <label>$NUMBER[70]%</label>
            <onclick>Skin.SetString(BackgroundBrightnessBlur,70)</onclick>
            <onclick>Close</onclick>
            <include condition="String.IsEqual(Skin.String(BackgroundBrightnessBlur),70)">Item_Selected</include>
        </item>
    </include>

    <include name="CustomSettings_Items.FadeNetflixPreview">
        <item>
            <label>$NUMBER[30]%</label>
            <property name="SettingsName">$LOCALIZE[464]</property>
            <onclick>Skin.SetString(FadeNetflixPreview,30)</onclick>
            <onclick>Close</onclick>
            <include condition="String.IsEqual(Skin.String(FadeNetflixPreview),30)">Item_Selected</include>
        </item>
        <item>
            <label>$NUMBER[40]%</label>
            <property name="SettingsName">$LOCALIZE[464]</property>
            <onclick>Skin.SetString(FadeNetflixPreview,40)</onclick>
            <onclick>Close</onclick>
            <include condition="String.IsEqual(Skin.String(FadeNetflixPreview),40)">Item_Selected</include>
        </item>
        <item>
            <label>$NUMBER[50]%</label>
            <property name="SettingsName">$LOCALIZE[464]</property>
            <onclick>Skin.SetString(FadeNetflixPreview,50)</onclick>
            <onclick>Close</onclick>
            <include condition="String.IsEqual(Skin.String(FadeNetflixPreview),50)">Item_Selected</include>
        </item>
        <item>
            <label>$NUMBER[60]% - $LOCALIZE[571]</label>
            <onclick>Skin.SetString(FadeNetflixPreview,60)</onclick>
            <onclick>Close</onclick>
            <include condition="String.IsEqual(Skin.String(FadeNetflixPreview),60) | String.IsEmpty(Skin.String(FadeNetflixPreview))">Item_Selected</include>
        </item>
        <item>
            <label>$NUMBER[70]%</label>
            <onclick>Skin.SetString(FadeNetflixPreview,70)</onclick>
            <onclick>Close</onclick>
            <include condition="String.IsEqual(Skin.String(FadeNetflixPreview),70)">Item_Selected</include>
        </item>
        <item>
            <label>$NUMBER[80]%</label>
            <onclick>Skin.SetString(FadeNetflixPreview,80)</onclick>
            <onclick>Close</onclick>
            <include condition="String.IsEqual(Skin.String(FadeNetflixPreview),80)">Item_Selected</include>
        </item>
        <item>
            <label>$NUMBER[90]%</label>
            <onclick>Skin.SetString(FadeNetflixPreview,90)</onclick>
            <onclick>Close</onclick>
            <include condition="String.IsEqual(Skin.String(FadeNetflixPreview),90)">Item_Selected</include>
        </item>
        <item>
            <label>$NUMBER[100]%</label>
            <onclick>Skin.SetString(FadeNetflixPreview,100)</onclick>
            <onclick>Close</onclick>
            <include condition="String.IsEqual(Skin.String(FadeNetflixPreview),100)">Item_Selected</include>
        </item>
    </include>
    
    <include name="CustomSettings_Items.NetflixTrailerDelay">
        <item>
            <label>$NUMBER[3]</label>
            <property name="SettingsName">$LOCALIZE[303]</property>
            <onclick>Skin.SetString(NetflixTrailerDelay,3)</onclick>
            <onclick>Close</onclick>
            <include condition="String.IsEqual(Skin.String(NetflixTrailerDelay),3)">Item_Selected</include>
        </item>
        <item>
            <label>$NUMBER[5] - $LOCALIZE[571]</label>
            <onclick>Skin.SetString(NetflixTrailerDelay,5)</onclick>
            <onclick>Close</onclick>
            <include condition="String.IsEqual(Skin.String(NetflixTrailerDelay),5) | String.IsEmpty(Skin.String(NetflixTrailerDelay))">Item_Selected</include>
        </item>
        <item>
            <label>$NUMBER[7]</label>
            <onclick>Skin.SetString(NetflixTrailerDelay,7)</onclick>
            <onclick>Close</onclick>
            <include condition="String.IsEqual(Skin.String(NetflixTrailerDelay),7)">Item_Selected</include>
        </item>
        <item>
            <label>$NUMBER[9]</label>
            <onclick>Skin.SetString(NetflixTrailerDelay,9)</onclick>
            <onclick>Close</onclick>
            <include condition="String.IsEqual(Skin.String(NetflixTrailerDelay),9)">Item_Selected</include>
        </item>
        <item>
            <label>$NUMBER[11]</label>
            <onclick>Skin.SetString(NetflixTrailerDelay,11)</onclick>
            <onclick>Close</onclick>
            <include condition="String.IsEqual(Skin.String(NetflixTrailerDelay),11)">Item_Selected</include>
        </item>
        <item>
            <label>$NUMBER[13]</label>
            <onclick>Skin.SetString(NetflixTrailerDelay,13)</onclick>
            <onclick>Close</onclick>
            <include condition="String.IsEqual(Skin.String(NetflixTrailerDelay),13)">Item_Selected</include>
        </item>
        <item>
            <label>$NUMBER[15]</label>
            <onclick>Skin.SetString(NetflixTrailerDelay,15)</onclick>
            <onclick>Close</onclick>
            <include condition="String.IsEqual(Skin.String(NetflixTrailerDelay),15)">Item_Selected</include>
        </item>
    </include>

    <include name="CustomSettings_Items.DefWidgetLimit">
        <item>
            <label>$NUMBER[10]</label>
            <property name="SettingsName">$LOCALIZE[31000]</property>
            <onclick>Skin.SetString(WidgetLimit,10)</onclick>
            <onclick>Close</onclick>
            <include condition="Integer.IsEqual(Skin.String(WidgetLimit),10) | String.IsEmpty(Skin.String(WidgetLimit))">Item_Selected</include>
        </item>
        <item>
            <label>$NUMBER[25] - $LOCALIZE[571]</label>
            <onclick>Skin.SetString(WidgetLimit,25)</onclick>
            <onclick>Close</onclick>
            <include condition="String.IsEqual(Skin.String(WidgetLimit),25)">Item_Selected</include>
        </item>
        <item>
            <label>$NUMBER[50]</label>
            <onclick>Skin.SetString(WidgetLimit,50)</onclick>
            <onclick>Close</onclick>
            <include condition="String.IsEqual(Skin.String(WidgetLimit),50)">Item_Selected</include>
        </item>
        <item>
            <label>$NUMBER[100]</label>
            <onclick>Skin.SetString(WidgetLimit,100)</onclick>
            <onclick>Close</onclick>
            <include condition="String.IsEqual(Skin.String(WidgetLimit),100)">Item_Selected</include>
        </item>
        <item>
            <label>$NUMBER[200]</label>
            <onclick>Skin.SetString(WidgetLimit,200)</onclick>
            <onclick>Close</onclick>
            <include condition="String.IsEqual(Skin.String(WidgetLimit),200)">Item_Selected</include>
        </item>
        <item>
            <label>$LOCALIZE[37030]</label>
            <onclick>Skin.SetString(WidgetLimit,$LOCALIZE[37030])</onclick>
            <onclick>Close</onclick>
            <include condition="String.IsEqual(Skin.String(WidgetLimit),$LOCALIZE[37030])">Item_Selected</include>
        </item>
    </include>

    <include name="CustomSettings_Items.DefHubLimit">
        <item>
            <label>$NUMBER[10]</label>
            <property name="SettingsName">$LOCALIZE[31000]</property>
            <onclick>Skin.SetString(HubLimit,10)</onclick>
            <onclick>Close</onclick>
            <include condition="Integer.IsEqual(Skin.String(HubLimit),10) | String.IsEmpty(Skin.String(HubLimit))">Item_Selected</include>
        </item>
        <item>
            <label>$NUMBER[25] - $LOCALIZE[571]</label>
            <onclick>Skin.SetString(HubLimit,25)</onclick>
            <onclick>Close</onclick>
            <include condition="Integer.IsEqual(Skin.String(HubLimit),25)">Item_Selected</include>
        </item>
        <item>
            <label>$NUMBER[50]</label>
            <onclick>Skin.SetString(HubLimit,50)</onclick>
            <onclick>Close</onclick>
            <include condition="Integer.IsEqual(Skin.String(HubLimit),50)">Item_Selected</include>
        </item>
        <item>
            <label>$LOCALIZE[37030]</label>
            <onclick>Skin.SetString(HubLimit,$LOCALIZE[37030])</onclick>
            <onclick>Close</onclick>
            <include condition="String.IsEqual(Skin.String(HubLimit),$LOCALIZE[37030])">Item_Selected</include>
        </item>
    </include>

    <include name="CustomSettings_Items.TrailerCount">
        <item>
            <label>$LOCALIZE[231] - $LOCALIZE[571]</label>
            <property name="SettingsName">$LOCALIZE[31456]</property>
            <onclick>Skin.Reset(TrailerCount)</onclick>
            <onclick>Close</onclick>
            <include condition="String.IsEmpty(Skin.String(TrailerCount))">Item_Selected</include>
        </item>
        <item>
            <label>$NUMBER[1]</label>
            <onclick>Skin.SetString(TrailerCount,1)</onclick>
            <onclick>Close</onclick>
            <include condition="Integer.IsEqual(Skin.String(TrailerCount),2)">Item_Selected</include>
        </item>
        <item>
            <label>$NUMBER[2]</label>
            <onclick>Skin.SetString(TrailerCount,2)</onclick>
            <onclick>Close</onclick>
            <include condition="Integer.IsEqual(Skin.String(TrailerCount),3)">Item_Selected</include>
        </item>
        <item>
            <label>$NUMBER[3]</label>
            <onclick>Skin.SetString(TrailerCount,3)</onclick>
            <onclick>Close</onclick>
            <include condition="Integer.IsEqual(Skin.String(TrailerCount),3)">Item_Selected</include>
        </item>
        <item>
            <label>$NUMBER[4]</label>
            <onclick>Skin.SetString(TrailerCount,4)</onclick>
            <onclick>Close</onclick>
            <include condition="Integer.IsEqual(Skin.String(TrailerCount),4)">Item_Selected</include>
        </item>
        <item>
            <label>$NUMBER[5]</label>
            <onclick>Skin.SetString(TrailerCount,5)</onclick>
            <onclick>Close</onclick>
            <include condition="Integer.IsEqual(Skin.String(TrailerCount),5)">Item_Selected</include>
        </item>
    </include>

    <include name="CustomSettings_Items.OSD_Timeout">
        <item>
            <label>$LOCALIZE[591] - $LOCALIZE[571]</label>
            <property name="SettingsName">$LOCALIZE[31312]</property>
            <onclick>Skin.Reset(OSD_Timeout)</onclick>
            <onclick>Close</onclick>
            <include condition="String.IsEmpty(Skin.String(OSD_Timeout))">Item_Selected</include>
        </item>
        <item>
            <label>$NUMBER[3]</label>
            <onclick>Skin.SetString(OSD_Timeout,3)</onclick>
            <onclick>Close</onclick>
            <include condition="Integer.IsEqual(Skin.String(OSD_Timeout),3)">Item_Selected</include>
        </item>
        <item>
            <label>$NUMBER[5]</label>
            <onclick>Skin.SetString(OSD_Timeout,5)</onclick>
            <onclick>Close</onclick>
            <include condition="Integer.IsEqual(Skin.String(OSD_Timeout),5)">Item_Selected</include>
        </item>
        <item>
            <label>$NUMBER[10]</label>
            <onclick>Skin.SetString(OSD_Timeout,10)</onclick>
            <onclick>Close</onclick>
            <include condition="Integer.IsEqual(Skin.String(OSD_Timeout),10)">Item_Selected</include>
        </item>
        <item>
            <label>$NUMBER[15]</label>
            <onclick>Skin.SetString(OSD_Timeout,15)</onclick>
            <onclick>Close</onclick>
            <include condition="Integer.IsEqual(Skin.String(OSD_Timeout),15)">Item_Selected</include>
        </item>
        <item>
            <label>$NUMBER[20]</label>
            <onclick>Skin.SetString(OSD_Timeout,20)</onclick>
            <onclick>Close</onclick>
            <include condition="Integer.IsEqual(Skin.String(OSD_Timeout),20)">Item_Selected</include>
        </item>
        <item>
            <label>$NUMBER[25]</label>
            <onclick>Skin.SetString(OSD_Timeout,25)</onclick>
            <onclick>Close</onclick>
            <include condition="Integer.IsEqual(Skin.String(OSD_Timeout),25)">Item_Selected</include>
        </item>
        <item>
            <label>$NUMBER[30]</label>
            <onclick>Skin.SetString(OSD_Timeout,30)</onclick>
            <onclick>Close</onclick>
            <include condition="Integer.IsEqual(Skin.String(OSD_Timeout),30)">Item_Selected</include>
        </item>
    </include>

    <include name="CustomSettings_Items.BlurRadiusLitebox">
        <item>
            <label>$NUMBER[0]</label>
            <property name="SettingsName">$LOCALIZE[31538]</property>
            <onclick>Skin.SetString(colorbox_blursize,0)</onclick>
            <include>UpdateLitebox</include>
            <onclick>Close</onclick>
            <include condition="String.IsEqual(Skin.String(colorbox_blursize),0)">Item_Selected</include>
        </item>
        <item>
            <label>$NUMBER[1]</label>
            <onclick>Skin.SetString(colorbox_blursize,1)</onclick>
            <include>UpdateLitebox</include>
            <onclick>Close</onclick>
            <include condition="String.IsEqual(Skin.String(colorbox_blursize),1)">Item_Selected</include>
        </item>
        <item>
            <label>$NUMBER[2]</label>
            <onclick>Skin.SetString(colorbox_blursize,2)</onclick>
            <include>UpdateLitebox</include>
            <onclick>Close</onclick>
            <include condition="String.IsEqual(Skin.String(colorbox_blursize),2)">Item_Selected</include>
        </item>
        <item>
            <label>$NUMBER[3]</label>
            <onclick>Skin.SetString(colorbox_blursize,3)</onclick>
            <include>UpdateLitebox</include>
            <onclick>Close</onclick>
            <include condition="String.IsEqual(Skin.String(colorbox_blursize),3)">Item_Selected</include>
        </item>
        <item>
            <label>$NUMBER[4]</label>
            <onclick>Skin.SetString(colorbox_blursize,4)</onclick>
            <include>UpdateLitebox</include>
            <onclick>Close</onclick>
            <include condition="String.IsEqual(Skin.String(colorbox_blursize),4)">Item_Selected</include>
        </item>
        <item>
            <label>$NUMBER[5]</label>
            <onclick>Skin.SetString(colorbox_blursize,5)</onclick>
            <include>UpdateLitebox</include>
            <onclick>Close</onclick>
            <include condition="String.IsEqual(Skin.String(colorbox_blursize),5)">Item_Selected</include>
        </item>
        <item>
            <label>$NUMBER[6]</label>
            <onclick>Skin.SetString(colorbox_blursize,6)</onclick>
            <include>UpdateLitebox</include>
            <onclick>Close</onclick>
            <include condition="String.IsEqual(Skin.String(colorbox_blursize),6)">Item_Selected</include>
        </item>
        <item>
            <label>$NUMBER[7]</label>
            <onclick>Skin.SetString(colorbox_blursize,7)</onclick>
            <include>UpdateLitebox</include>
            <onclick>Close</onclick>
            <include condition="String.IsEqual(Skin.String(colorbox_blursize),7)">Item_Selected</include>
        </item>
        <item>
            <label>$NUMBER[8]</label>
            <onclick>Skin.SetString(colorbox_blursize,8)</onclick>
            <include>UpdateLitebox</include>
            <onclick>Close</onclick>
            <include condition="String.IsEqual(Skin.String(colorbox_blursize),8)">Item_Selected</include>
        </item>
        <item>
            <label>$NUMBER[9]</label>
            <onclick>Skin.SetString(colorbox_blursize,9)</onclick>
            <include>UpdateLitebox</include>
            <onclick>Close</onclick>
            <include condition="String.IsEqual(Skin.String(colorbox_blursize),9)">Item_Selected</include>
        </item>
        <item>
            <label>$NUMBER[10]</label>
            <onclick>Skin.SetString(colorbox_blursize,10)</onclick>
            <include>UpdateLitebox</include>
            <onclick>Close</onclick>
            <include condition="String.IsEqual(Skin.String(colorbox_blursize),10)">Item_Selected</include>
        </item>
        <item>
            <label>$NUMBER[11]</label>
            <onclick>Skin.SetString(colorbox_blursize,11)</onclick>
            <include>UpdateLitebox</include>
            <onclick>Close</onclick>
            <include condition="String.IsEqual(Skin.String(colorbox_blursize),11)">Item_Selected</include>
        </item>
        <item>
            <label>$NUMBER[12]</label>
            <onclick>Skin.SetString(colorbox_blursize,12)</onclick>
            <include>UpdateLitebox</include>
            <onclick>Close</onclick>
            <include condition="String.IsEqual(Skin.String(colorbox_blursize),12)">Item_Selected</include>
        </item>
        <item>
            <label>$NUMBER[13]</label>
            <onclick>Skin.SetString(colorbox_blursize,13)</onclick>
            <include>UpdateLitebox</include>
            <onclick>Close</onclick>
            <include condition="String.IsEqual(Skin.String(colorbox_blursize),13)">Item_Selected</include>
        </item>
        <item>
            <label>$NUMBER[14]</label>
            <onclick>Skin.SetString(colorbox_blursize,14)</onclick>
            <include>UpdateLitebox</include>
            <onclick>Close</onclick>
            <include condition="String.IsEqual(Skin.String(colorbox_blursize),14)">Item_Selected</include>
        </item>
        <item>
            <label>$NUMBER[15] - $LOCALIZE[571]</label>
            <onclick>Skin.SetString(colorbox_blursize,15)</onclick>
            <include>UpdateLitebox</include>
            <onclick>Close</onclick>
            <include condition="String.IsEqual(Skin.String(colorbox_blursize),15)">Item_Selected</include>
        </item>
        <item>
            <label>$NUMBER[16]</label>
            <onclick>Skin.SetString(colorbox_blursize,16)</onclick>
            <include>UpdateLitebox</include>
            <onclick>Close</onclick>
            <include condition="String.IsEqual(Skin.String(colorbox_blursize),16)">Item_Selected</include>
        </item>
        <item>
            <label>$NUMBER[17]</label>
            <onclick>Skin.SetString(colorbox_blursize,17)</onclick>
            <include>UpdateLitebox</include>
            <onclick>Close</onclick>
            <include condition="String.IsEqual(Skin.String(colorbox_blursize),17)">Item_Selected</include>
        </item>
        <item>
            <label>$NUMBER[18]</label>
            <onclick>Skin.SetString(colorbox_blursize,18)</onclick>
            <include>UpdateLitebox</include>
            <onclick>Close</onclick>
            <include condition="String.IsEqual(Skin.String(colorbox_blursize),18)">Item_Selected</include>
        </item>
        <item>
            <label>$NUMBER[19]</label>
            <onclick>Skin.SetString(colorbox_blursize,19)</onclick>
            <include>UpdateLitebox</include>
            <onclick>Close</onclick>
            <include condition="String.IsEqual(Skin.String(colorbox_blursize),19)">Item_Selected</include>
        </item>
        <item>
            <label>$NUMBER[20]</label>
            <onclick>Skin.SetString(colorbox_blursize,20)</onclick>
            <include>UpdateLitebox</include>
            <onclick>Close</onclick>
            <include condition="String.IsEqual(Skin.String(colorbox_blursize),20)">Item_Selected</include>
        </item>
        <item>
            <label>$NUMBER[21]</label>
            <onclick>Skin.SetString(colorbox_blursize,21)</onclick>
            <include>UpdateLitebox</include>
            <onclick>Close</onclick>
            <include condition="String.IsEqual(Skin.String(colorbox_blursize),21)">Item_Selected</include>
        </item>
        <item>
            <label>$NUMBER[22]</label>
            <onclick>Skin.SetString(colorbox_blursize,22)</onclick>
            <include>UpdateLitebox</include>
            <onclick>Close</onclick>
            <include condition="String.IsEqual(Skin.String(colorbox_blursize),22)">Item_Selected</include>
        </item>
        <item>
            <label>$NUMBER[23]</label>
            <onclick>Skin.SetString(colorbox_blursize,23)</onclick>
            <include>UpdateLitebox</include>
            <onclick>Close</onclick>
            <include condition="String.IsEqual(Skin.String(colorbox_blursize),23)">Item_Selected</include>
        </item>
        <item>
            <label>$NUMBER[24]</label>
            <onclick>Skin.SetString(colorbox_blursize,24)</onclick>
            <include>UpdateLitebox</include>
            <onclick>Close</onclick>
            <include condition="String.IsEqual(Skin.String(colorbox_blursize),24)">Item_Selected</include>
        </item>
        <item>
            <label>$NUMBER[25]</label>
            <onclick>Skin.SetString(colorbox_blursize,25)</onclick>
            <include>UpdateLitebox</include>
            <onclick>Close</onclick>
            <include condition="String.IsEqual(Skin.String(colorbox_blursize),25)">Item_Selected</include>
        </item>
        <item>
            <label>$NUMBER[26]</label>
            <onclick>Skin.SetString(colorbox_blursize,26)</onclick>
            <include>UpdateLitebox</include>
            <onclick>Close</onclick>
            <include condition="String.IsEqual(Skin.String(colorbox_blursize),26)">Item_Selected</include>
        </item>
        <item>
            <label>$NUMBER[27]</label>
            <onclick>Skin.SetString(colorbox_blursize,27)</onclick>
            <include>UpdateLitebox</include>
            <onclick>Close</onclick>
            <include condition="String.IsEqual(Skin.String(colorbox_blursize),27)">Item_Selected</include>
        </item>
        <item>
            <label>$NUMBER[28]</label>
            <onclick>Skin.SetString(colorbox_blursize,28)</onclick>
            <include>UpdateLitebox</include>
            <onclick>Close</onclick>
            <include condition="String.IsEqual(Skin.String(colorbox_blursize),28)">Item_Selected</include>
        </item>
        <item>
            <label>$NUMBER[29]</label>
            <onclick>Skin.SetString(colorbox_blursize,29)</onclick>
            <include>UpdateLitebox</include>
            <onclick>Close</onclick>
            <include condition="String.IsEqual(Skin.String(colorbox_blursize),29)">Item_Selected</include>
        </item>
        <item>
            <label>$NUMBER[30]</label>
            <onclick>Skin.SetString(colorbox_blursize,30)</onclick>
            <include>UpdateLitebox</include>
            <onclick>Close</onclick>
            <include condition="String.IsEqual(Skin.String(colorbox_blursize),30)">Item_Selected</include>
        </item>
    </include>
    
    <include name="CustomSettings_Items.BlurRadiusEmbuaryHelper">
        <item>
            <label>$NUMBER[1]</label>
            <property name="SettingsName">$LOCALIZE[31538]</property>
            <include content="DefUpdateBlur"><param name="number" value="1" /></include>
            <include condition="String.IsEqual(Skin.String(BlurRadius),1)">Item_Selected</include>
        </item>
        <item>
            <label>$NUMBER[2]</label>
            <include content="DefUpdateBlur"><param name="number" value="2" /></include>
            <include condition="String.IsEqual(Skin.String(BlurRadius),2)">Item_Selected</include>
        </item>
        <item>
            <label>$NUMBER[3]</label>
            <include content="DefUpdateBlur"><param name="number" value="3" /></include>
            <include condition="String.IsEqual(Skin.String(BlurRadius),3)">Item_Selected</include>
        </item>
        <item>
            <label>$NUMBER[4]</label>
            <include content="DefUpdateBlur"><param name="number" value="4" /></include>
            <include condition="String.IsEqual(Skin.String(BlurRadius),4)">Item_Selected</include>
        </item>
        <item>
            <label>$NUMBER[5]</label>
            <include content="DefUpdateBlur"><param name="number" value="5" /></include>
            <include condition="String.IsEqual(Skin.String(BlurRadius),5)">Item_Selected</include>
        </item>
        <item>
            <label>$NUMBER[6]</label>
            <include content="DefUpdateBlur"><param name="number" value="6" /></include>
            <include condition="String.IsEqual(Skin.String(BlurRadius),6)">Item_Selected</include>
        </item>
        <item>
            <label>$NUMBER[7]</label>
            <include content="DefUpdateBlur"><param name="number" value="7" /></include>
            <include condition="String.IsEqual(Skin.String(BlurRadius),7)">Item_Selected</include>
        </item>
        <item>
            <label>$NUMBER[8]</label>
            <include content="DefUpdateBlur"><param name="number" value="8" /></include>
            <include condition="String.IsEqual(Skin.String(BlurRadius),8)">Item_Selected</include>
        </item>
        <item>
            <label>$NUMBER[9]</label>
            <include content="DefUpdateBlur"><param name="number" value="9" /></include>
            <include condition="String.IsEqual(Skin.String(BlurRadius),9)">Item_Selected</include>
        </item>
        <item>
            <label>$NUMBER[10]</label>
            <include content="DefUpdateBlur"><param name="number" value="10" /></include>
            <include condition="String.IsEqual(Skin.String(BlurRadius),10)">Item_Selected</include>
        </item>
    </include>
    
    <include name="CustomSettings_Items.ImageQualityLitebox">
        <item>
            <label>$NUMBER[1]</label>
            <property name="SettingsName">$LOCALIZE[31540]</property>
            <onclick>Skin.SetString(colorbox_quality,1)</onclick>
            <include>UpdateLitebox</include>
            <onclick>Close</onclick>
            <include condition="String.IsEqual(Skin.String(colorbox_quality),1)">Item_Selected</include>
        </item>
        <item>
            <label>$NUMBER[2]</label>
            <onclick>Skin.SetString(colorbox_quality,2)</onclick>
            <include>UpdateLitebox</include>
            <onclick>Close</onclick>
            <include condition="String.IsEqual(Skin.String(colorbox_quality),2)">Item_Selected</include>
        </item>
        <item>
            <label>$NUMBER[3]</label>
            <onclick>Skin.SetString(colorbox_quality,3)</onclick>
            <include>UpdateLitebox</include>
            <onclick>Close</onclick>
            <include condition="String.IsEqual(Skin.String(colorbox_quality),3)">Item_Selected</include>
        </item>
        <item>
            <label>$NUMBER[4] - $LOCALIZE[571]</label>
            <onclick>Skin.SetString(colorbox_quality,4)</onclick>
            <include>UpdateLitebox</include>
            <onclick>Close</onclick>
            <include condition="String.IsEqual(Skin.String(colorbox_quality),4)">Item_Selected</include>
        </item>
        <item>
            <label>$NUMBER[5]</label>
            <onclick>Skin.SetString(colorbox_quality,5)</onclick>
            <include>UpdateLitebox</include>
            <onclick>Close</onclick>
            <include condition="String.IsEqual(Skin.String(colorbox_quality),5)">Item_Selected</include>
        </item>
        <item>
            <label>$NUMBER[6]</label>
            <onclick>Skin.SetString(colorbox_quality,6)</onclick>
            <include>UpdateLitebox</include>
            <onclick>Close</onclick>
            <include condition="String.IsEqual(Skin.String(colorbox_quality),6)">Item_Selected</include>
        </item>
        <item>
            <label>$NUMBER[7]</label>
            <onclick>Skin.SetString(colorbox_quality,7)</onclick>
            <include>UpdateLitebox</include>
            <onclick>Close</onclick>
            <include condition="String.IsEqual(Skin.String(colorbox_quality),7)">Item_Selected</include>
        </item>
        <item>
            <label>$NUMBER[8]</label>
            <onclick>Skin.SetString(colorbox_quality,8)</onclick>
            <include>UpdateLitebox</include>
            <onclick>Close</onclick>
            <include condition="String.IsEqual(Skin.String(colorbox_quality),8)">Item_Selected</include>
        </item>
    </include>
    
    <include name="CustomSettings_Items.ImageQualityOtherLitebox">
        <item>
            <label>$NUMBER[1] - $LOCALIZE[571]</label>
            <property name="SettingsName">$LOCALIZE[31540]</property>
            <onclick>Skin.SetString(colorbox_quality,1)</onclick>
            <include>UpdateLitebox</include>
            <onclick>Close</onclick>
            <include condition="String.IsEqual(Skin.String(colorbox_quality),1)">Item_Selected</include>
        </item>
        <item>
            <label>$NUMBER[2]</label>
            <onclick>Skin.SetString(colorbox_quality,2)</onclick>
            <include>UpdateLitebox</include>
            <onclick>Close</onclick>
            <include condition="String.IsEqual(Skin.String(colorbox_quality),2)">Item_Selected</include>
        </item>
        <item>
            <label>$NUMBER[3]</label>
            <onclick>Skin.SetString(colorbox_quality,3)</onclick>
            <include>UpdateLitebox</include>
            <onclick>Close</onclick>
            <include condition="String.IsEqual(Skin.String(colorbox_quality),3)">Item_Selected</include>
        </item>
        <item>
            <label>$NUMBER[4]</label>
            <onclick>Skin.SetString(colorbox_quality,4)</onclick>
            <include>UpdateLitebox</include>
            <onclick>Close</onclick>
            <include condition="String.IsEqual(Skin.String(colorbox_quality),4)">Item_Selected</include>
        </item>
        <item>
            <label>$NUMBER[5]</label>
            <onclick>Skin.SetString(colorbox_quality,5)</onclick>
            <include>UpdateLitebox</include>
            <onclick>Close</onclick>
            <include condition="String.IsEqual(Skin.String(colorbox_quality),5)">Item_Selected</include>
        </item>
        <item>
            <label>$NUMBER[6]</label>
            <onclick>Skin.SetString(colorbox_quality,6)</onclick>
            <include>UpdateLitebox</include>
            <onclick>Close</onclick>
            <include condition="String.IsEqual(Skin.String(colorbox_quality),6)">Item_Selected</include>
        </item>
        <item>
            <label>$NUMBER[7]</label>
            <onclick>Skin.SetString(colorbox_quality,7)</onclick>
            <include>UpdateLitebox</include>
            <onclick>Close</onclick>
            <include condition="String.IsEqual(Skin.String(colorbox_quality),7)">Item_Selected</include>
        </item>
        <item>
            <label>$NUMBER[8]</label>
            <onclick>Skin.SetString(colorbox_quality,8)</onclick>
            <include>UpdateLitebox</include>
            <onclick>Close</onclick>
            <include condition="String.IsEqual(Skin.String(colorbox_quality),8)">Item_Selected</include>
        </item>
    </include>

    <include name="CustomSettings_Items.PixelsizeLitebox">
        <item>
            <label>$NUMBER[5]</label>
            <property name="SettingsName">$LOCALIZE[31579]</property>
            <onclick>Skin.SetString(colorbox_pixelsize,5)</onclick>
            <include>UpdateLitebox</include>
            <onclick>Close</onclick>
            <include condition="String.IsEqual(Skin.String(colorbox_pixelsize),5)">Item_Selected</include>
        </item>
        <item>
            <label>$NUMBER[6]</label>
            <onclick>Skin.SetString(colorbox_pixelsize,6)</onclick>
            <include>UpdateLitebox</include>
            <onclick>Close</onclick>
            <include condition="String.IsEqual(Skin.String(colorbox_pixelsize),6)">Item_Selected</include>
        </item>
        <item>
            <label>$NUMBER[7]</label>
            <onclick>Skin.SetString(colorbox_pixelsize,7)</onclick>
            <include>UpdateLitebox</include>
            <onclick>Close</onclick>
            <include condition="String.IsEqual(Skin.String(colorbox_pixelsize),7)">Item_Selected</include>
        </item>
        <item>
            <label>$NUMBER[8]</label>
            <onclick>Skin.SetString(colorbox_pixelsize,8)</onclick>
            <include>UpdateLitebox</include>
            <onclick>Close</onclick>
            <include condition="String.IsEqual(Skin.String(colorbox_pixelsize),8)">Item_Selected</include>
        </item>
        <item>
            <label>$NUMBER[9]</label>
            <onclick>Skin.SetString(colorbox_pixelsize,9)</onclick>
            <include>UpdateLitebox</include>
            <onclick>Close</onclick>
            <include condition="String.IsEqual(Skin.String(colorbox_pixelsize),9)">Item_Selected</include>
        </item>
        <item>
            <label>$NUMBER[10]</label>
            <onclick>Skin.SetString(colorbox_pixelsize,10)</onclick>
            <include>UpdateLitebox</include>
            <onclick>Close</onclick>
            <include condition="String.IsEqual(Skin.String(colorbox_pixelsize),10)">Item_Selected</include>
        </item>
        <item>
            <label>$NUMBER[11]</label>
            <onclick>Skin.SetString(colorbox_pixelsize,11)</onclick>
            <include>UpdateLitebox</include>
            <onclick>Close</onclick>
            <include condition="String.IsEqual(Skin.String(colorbox_pixelsize),11)">Item_Selected</include>
        </item>
        <item>
            <label>$NUMBER[12]</label>
            <onclick>Skin.SetString(colorbox_pixelsize,12)</onclick>
            <include>UpdateLitebox</include>
            <onclick>Close</onclick>
            <include condition="String.IsEqual(Skin.String(colorbox_pixelsize),12)">Item_Selected</include>
        </item>
        <item>
            <label>$NUMBER[13]</label>
            <onclick>Skin.SetString(colorbox_pixelsize,13)</onclick>
            <include>UpdateLitebox</include>
            <onclick>Close</onclick>
            <include condition="String.IsEqual(Skin.String(colorbox_pixelsize),13)">Item_Selected</include>
        </item>
        <item>
            <label>$NUMBER[14]</label>
            <onclick>Skin.SetString(colorbox_pixelsize,14)</onclick>
            <include>UpdateLitebox</include>
            <onclick>Close</onclick>
            <include condition="String.IsEqual(Skin.String(colorbox_pixelsize),14)">Item_Selected</include>
        </item>
        <item>
            <label>$NUMBER[15] - $LOCALIZE[571]</label>
            <onclick>Skin.SetString(colorbox_pixelsize,15)</onclick>
            <include>UpdateLitebox</include>
            <onclick>Close</onclick>
            <include condition="String.IsEqual(Skin.String(colorbox_pixelsize),15)">Item_Selected</include>
        </item>
        <item>
            <label>$NUMBER[16]</label>
            <onclick>Skin.SetString(colorbox_pixelsize,16)</onclick>
            <include>UpdateLitebox</include>
            <onclick>Close</onclick>
            <include condition="String.IsEqual(Skin.String(colorbox_pixelsize),16)">Item_Selected</include>
        </item>
        <item>
            <label>$NUMBER[17]</label>
            <onclick>Skin.SetString(colorbox_pixelsize,17)</onclick>
            <include>UpdateLitebox</include>
            <onclick>Close</onclick>
            <include condition="String.IsEqual(Skin.String(colorbox_pixelsize),17)">Item_Selected</include>
        </item>
        <item>
            <label>$NUMBER[18]</label>
            <onclick>Skin.SetString(colorbox_pixelsize,18)</onclick>
            <include>UpdateLitebox</include>
            <onclick>Close</onclick>
            <include condition="String.IsEqual(Skin.String(colorbox_pixelsize),18)">Item_Selected</include>
        </item>
        <item>
            <label>$NUMBER[19]</label>
            <onclick>Skin.SetString(colorbox_pixelsize,19)</onclick>
            <include>UpdateLitebox</include>
            <onclick>Close</onclick>
            <include condition="String.IsEqual(Skin.String(colorbox_pixelsize),19)">Item_Selected</include>
        </item>
        <item>
            <label>$NUMBER[20]</label>
            <onclick>Skin.SetString(colorbox_pixelsize,20)</onclick>
            <include>UpdateLitebox</include>
            <onclick>Close</onclick>
            <include condition="String.IsEqual(Skin.String(colorbox_pixelsize),20)">Item_Selected</include>
        </item>
        <item>
            <label>$NUMBER[21]</label>
            <onclick>Skin.SetString(colorbox_pixelsize,21)</onclick>
            <include>UpdateLitebox</include>
            <onclick>Close</onclick>
            <include condition="String.IsEqual(Skin.String(colorbox_pixelsize),21)">Item_Selected</include>
        </item>
        <item>
            <label>$NUMBER[22]</label>
            <onclick>Skin.SetString(colorbox_pixelsize,22)</onclick>
            <include>UpdateLitebox</include>
            <onclick>Close</onclick>
            <include condition="String.IsEqual(Skin.String(colorbox_pixelsize),22)">Item_Selected</include>
        </item>
        <item>
            <label>$NUMBER[23]</label>
            <onclick>Skin.SetString(colorbox_pixelsize,23)</onclick>
            <include>UpdateLitebox</include>
            <onclick>Close</onclick>
            <include condition="String.IsEqual(Skin.String(colorbox_pixelsize),23)">Item_Selected</include>
        </item>
        <item>
            <label>$NUMBER[24]</label>
            <onclick>Skin.SetString(colorbox_pixelsize,24)</onclick>
            <include>UpdateLitebox</include>
            <onclick>Close</onclick>
            <include condition="String.IsEqual(Skin.String(colorbox_pixelsize),24)">Item_Selected</include>
        </item>
        <item>
            <label>$NUMBER[25]</label>
            <onclick>Skin.SetString(colorbox_pixelsize,25)</onclick>
            <include>UpdateLitebox</include>
            <onclick>Close</onclick>
            <include condition="String.IsEqual(Skin.String(colorbox_pixelsize),25)">Item_Selected</include>
        </item>
        <item>
            <label>$NUMBER[26]</label>
            <onclick>Skin.SetString(colorbox_pixelsize,26)</onclick>
            <include>UpdateLitebox</include>
            <onclick>Close</onclick>
            <include condition="String.IsEqual(Skin.String(colorbox_pixelsize),26)">Item_Selected</include>
        </item>
        <item>
            <label>$NUMBER[27]</label>
            <onclick>Skin.SetString(colorbox_pixelsize,27)</onclick>
            <include>UpdateLitebox</include>
            <onclick>Close</onclick>
            <include condition="String.IsEqual(Skin.String(colorbox_pixelsize),27)">Item_Selected</include>
        </item>
        <item>
            <label>$NUMBER[28]</label>
            <onclick>Skin.SetString(colorbox_pixelsize,28)</onclick>
            <include>UpdateLitebox</include>
            <onclick>Close</onclick>
            <include condition="String.IsEqual(Skin.String(colorbox_pixelsize),28)">Item_Selected</include>
        </item>
        <item>
            <label>$NUMBER[29]</label>
            <onclick>Skin.SetString(colorbox_pixelsize,29)</onclick>
            <include>UpdateLitebox</include>
            <onclick>Close</onclick>
            <include condition="String.IsEqual(Skin.String(colorbox_pixelsize),29)">Item_Selected</include>
        </item>
        <item>
            <label>$NUMBER[30]</label>
            <onclick>Skin.SetString(colorbox_pixelsize,30)</onclick>
            <include>UpdateLitebox</include>
            <onclick>Close</onclick>
            <include condition="String.IsEqual(Skin.String(colorbox_pixelsize),30)">Item_Selected</include>
        </item>        
        <item>
            <label>$NUMBER[31]</label>
            <onclick>Skin.SetString(colorbox_pixelsize,31)</onclick>
            <include>UpdateLitebox</include>
            <onclick>Close</onclick>
            <include condition="String.IsEqual(Skin.String(colorbox_pixelsize),31)">Item_Selected</include>
        </item>
        <item>
            <label>$NUMBER[32]</label>
            <onclick>Skin.SetString(colorbox_pixelsize,32)</onclick>
            <include>UpdateLitebox</include>
            <onclick>Close</onclick>
            <include condition="String.IsEqual(Skin.String(colorbox_pixelsize),32)">Item_Selected</include>
        </item>
        <item>
            <label>$NUMBER[33]</label>
            <onclick>Skin.SetString(colorbox_pixelsize,33)</onclick>
            <include>UpdateLitebox</include>
            <onclick>Close</onclick>
            <include condition="String.IsEqual(Skin.String(colorbox_pixelsize),33)">Item_Selected</include>
        </item>
        <item>
            <label>$NUMBER[34]</label>
            <onclick>Skin.SetString(colorbox_pixelsize,34)</onclick>
            <include>UpdateLitebox</include>
            <onclick>Close</onclick>
            <include condition="String.IsEqual(Skin.String(colorbox_pixelsize),34)">Item_Selected</include>
        </item>
        <item>
            <label>$NUMBER[35]</label>
            <onclick>Skin.SetString(colorbox_pixelsize,35)</onclick>
            <include>UpdateLitebox</include>
            <onclick>Close</onclick>
            <include condition="String.IsEqual(Skin.String(colorbox_pixelsize),35)">Item_Selected</include>
        </item>
        <item>
            <label>$NUMBER[36]</label>
            <onclick>Skin.SetString(colorbox_pixelsize,36)</onclick>
            <include>UpdateLitebox</include>
            <onclick>Close</onclick>
            <include condition="String.IsEqual(Skin.String(colorbox_pixelsize),36)">Item_Selected</include>
        </item>
        <item>
            <label>$NUMBER[37]</label>
            <onclick>Skin.SetString(colorbox_pixelsize,37)</onclick>
            <include>UpdateLitebox</include>
            <onclick>Close</onclick>
            <include condition="String.IsEqual(Skin.String(colorbox_pixelsize),37)">Item_Selected</include>
        </item>
        <item>
            <label>$NUMBER[38]</label>
            <onclick>Skin.SetString(colorbox_pixelsize,38)</onclick>
            <include>UpdateLitebox</include>
            <onclick>Close</onclick>
            <include condition="String.IsEqual(Skin.String(colorbox_pixelsize),38)">Item_Selected</include>
        </item>
        <item>
            <label>$NUMBER[39]</label>
            <onclick>Skin.SetString(colorbox_pixelsize,39)</onclick>
            <include>UpdateLitebox</include>
            <onclick>Close</onclick>
            <include condition="String.IsEqual(Skin.String(colorbox_pixelsize),39)">Item_Selected</include>
        </item>
        <item>
            <label>$NUMBER[40]</label>
            <onclick>Skin.SetString(colorbox_pixelsize,40)</onclick>
            <include>UpdateLitebox</include>
            <onclick>Close</onclick>
            <include condition="String.IsEqual(Skin.String(colorbox_pixelsize),40)">Item_Selected</include>
        </item>
        <item>
            <label>$NUMBER[41]</label>
            <onclick>Skin.SetString(colorbox_pixelsize,41)</onclick>
            <include>UpdateLitebox</include>
            <onclick>Close</onclick>
            <include condition="String.IsEqual(Skin.String(colorbox_pixelsize),41)">Item_Selected</include>
        </item>
        <item>
            <label>$NUMBER[42]</label>
            <onclick>Skin.SetString(colorbox_pixelsize,42)</onclick>
            <include>UpdateLitebox</include>
            <onclick>Close</onclick>
            <include condition="String.IsEqual(Skin.String(colorbox_pixelsize),42)">Item_Selected</include>
        </item>
        <item>
            <label>$NUMBER[43]</label>
            <onclick>Skin.SetString(colorbox_pixelsize,43)</onclick>
            <include>UpdateLitebox</include>
            <onclick>Close</onclick>
            <include condition="String.IsEqual(Skin.String(colorbox_pixelsize),43)">Item_Selected</include>
        </item>
        <item>
            <label>$NUMBER[44]</label>
            <onclick>Skin.SetString(colorbox_pixelsize,44)</onclick>
            <include>UpdateLitebox</include>
            <onclick>Close</onclick>
            <include condition="String.IsEqual(Skin.String(colorbox_pixelsize),44)">Item_Selected</include>
        </item>
        <item>
            <label>$NUMBER[45]</label>
            <onclick>Skin.SetString(colorbox_pixelsize,45)</onclick>
            <include>UpdateLitebox</include>
            <onclick>Close</onclick>
            <include condition="String.IsEqual(Skin.String(colorbox_pixelsize),45)">Item_Selected</include>
        </item><item>
            <label>$NUMBER[46]</label>
            <onclick>Skin.SetString(colorbox_pixelsize,46)</onclick>
            <include>UpdateLitebox</include>
            <onclick>Close</onclick>
            <include condition="String.IsEqual(Skin.String(colorbox_pixelsize),46)">Item_Selected</include>
        </item>
        <item>
            <label>$NUMBER[47]</label>
            <onclick>Skin.SetString(colorbox_pixelsize,47)</onclick>
            <include>UpdateLitebox</include>
            <onclick>Close</onclick>
            <include condition="String.IsEqual(Skin.String(colorbox_pixelsize),47)">Item_Selected</include>
        </item>
        <item>
            <label>$NUMBER[48]</label>
            <onclick>Skin.SetString(colorbox_pixelsize,48)</onclick>
            <include>UpdateLitebox</include>
            <onclick>Close</onclick>
            <include condition="String.IsEqual(Skin.String(colorbox_pixelsize),48)">Item_Selected</include>
        </item>
        <item>
            <label>$NUMBER[49]</label>
            <onclick>Skin.SetString(colorbox_pixelsize,49)</onclick>
            <include>UpdateLitebox</include>
            <onclick>Close</onclick>
            <include condition="String.IsEqual(Skin.String(colorbox_pixelsize),49)">Item_Selected</include>
        </item>
        <item>
            <label>$NUMBER[50]</label>
            <onclick>Skin.SetString(colorbox_pixelsize,50)</onclick>
            <include>UpdateLitebox</include>
            <onclick>Close</onclick>
            <include condition="String.IsEqual(Skin.String(colorbox_pixelsize),50)">Item_Selected</include>
        </item>
    </include>
    
    <include name="WeatherDailyItems">
        <item>
            <label>$INFO[Weather.Conditions]</label>
            <property name="HighTemp">$INFO[Window(Weather).Property(Current.Temperature),[B],[/B]°]</property>
            <property name="Title">[B]$LOCALIZE[19030][/B]</property>
            <property name="FanartTexture">$INFO[Skin.String(weather.icons.path),,/]$INFO[Weather.FanartCode,,.png]</property>
            <property name="AnimatedFanartImagepath">$INFO[Skin.String(weather.icons.path),,/]$INFO[Weather.FanartCode]/</property>
            <property name="OutlookTexture">resource://resource.images.weathericons.default/$INFO[Weather.FanartCode,,.png]</property>
            <property name="FanartCode">$INFO[Weather.FanartCode]</property>
            <property name="Today">true</property>
            <visible>!String.IsEmpty(Weather.FanartCode)</visible>
            <onclick>ActivateWindow(Weather)</onclick>
            <onclick>SetFocus(9100,0,absolute)</onclick>
        </item>
        <item>
            <label>$INFO[Window(Weather).Property(Day0.Outlook)]</label>
            <property name="LowTemp">$INFO[Window(Weather).Property(Day0.LowTemp)]</property>
            <property name="HighTemp">$INFO[Window(Weather).Property(Day0.HighTemp),[B],[/B]]</property>
            <property name="Title">$LOCALIZE[33006]</property>
            <property name="FanartTexture">$INFO[Skin.String(weather.icons.path),,/]$INFO[Window(Weather).Property(Day0.FanartCode),,.png]</property>
            <property name="AnimatedFanartImagepath">$INFO[Skin.String(weather.icons.path),,/]$INFO[Window(Weather).Property(Day0.FanartCode)]/</property>
            <property name="OutlookTexture">$INFO[Window(Weather).Property(Day0.OutlookIcon)]</property>
            <property name="FanartCode">$INFO[Window(Weather).Property(Day0.FanartCode)]</property>
            <visible>!String.IsEmpty(Window(Weather).Property(Day0.Outlook))</visible>
            <onclick>ActivateWindow(Weather)</onclick>
            <onclick>SetFocus(9100,0,absolute)</onclick>
        </item>
        <item>
            <label>$INFO[Window(Weather).Property(Day1.Outlook)]</label>
            <property name="LowTemp">$INFO[Window(Weather).Property(Day1.LowTemp)]</property>
            <property name="HighTemp">$INFO[Window(Weather).Property(Day1.HighTemp),[B],[/B]]</property>
            <property name="Title">$INFO[Window(Weather).Property(Day1.Title)]</property>
            <property name="FanartTexture">$INFO[Skin.String(weather.icons.path),,/]$INFO[Window(Weather).Property(Day1.FanartCode),,.png]</property>
            <property name="AnimatedFanartImagepath">$INFO[Skin.String(weather.icons.path),,/]$INFO[Window(Weather).Property(Day1.FanartCode)]/</property>
            <property name="OutlookTexture">$INFO[Window(Weather).Property(Day1.OutlookIcon)]</property>
            <property name="FanartCode">$INFO[Window(Weather).Property(Day1.FanartCode)]</property>
            <visible>!String.IsEmpty(Window(Weather).Property(Day1.Outlook))</visible>
            <onclick>ActivateWindow(Weather)</onclick>
            <onclick>SetFocus(9100,0,absolute)</onclick>
        </item>
        <item>
            <label>$INFO[Window(Weather).Property(Day2.Outlook)]</label>
            <property name="LowTemp">$INFO[Window(Weather).Property(Day2.LowTemp)]</property>
            <property name="HighTemp">$INFO[Window(Weather).Property(Day2.HighTemp),[B],[/B]]</property>
            <property name="Title">$INFO[Window(Weather).Property(Day2.Title)]</property>
            <property name="FanartTexture">$INFO[Skin.String(weather.icons.path),,/]$INFO[Window(Weather).Property(Day2.FanartCode),,.png]</property>
            <property name="AnimatedFanartImagepath">$INFO[Skin.String(weather.icons.path),,/]$INFO[Window(Weather).Property(Day2.FanartCode)]/</property>
            <property name="OutlookTexture">$INFO[Window(Weather).Property(Day2.OutlookIcon)]</property>
            <property name="FanartCode">$INFO[Window(Weather).Property(Day2.FanartCode)]</property>
            <visible>!String.IsEmpty(Window(Weather).Property(Day2.Outlook))</visible>
            <onclick>ActivateWindow(Weather)</onclick>
            <onclick>SetFocus(9100,0,absolute)</onclick>
        </item>
        <item>
            <label>$INFO[Window(Weather).Property(Day3.Outlook)]</label>
            <property name="LowTemp">$INFO[Window(Weather).Property(Day3.LowTemp)]</property>
            <property name="HighTemp">$INFO[Window(Weather).Property(Day3.HighTemp),[B],[/B]]</property>
            <property name="Title">$INFO[Window(Weather).Property(Day3.Title)]</property>
            <property name="FanartTexture">$INFO[Skin.String(weather.icons.path),,/]$INFO[Window(Weather).Property(Day3.FanartCode),,.png]</property>
            <property name="AnimatedFanartImagepath">$INFO[Skin.String(weather.icons.path),,/]$INFO[Window(Weather).Property(Day3.FanartCode)]/</property>
            <property name="OutlookTexture">$INFO[Window(Weather).Property(Day3.OutlookIcon)]</property>
            <property name="FanartCode">$INFO[Window(Weather).Property(Day3.FanartCode)]</property>
            <visible>!String.IsEmpty(Window(Weather).Property(Day3.Outlook))</visible>
            <onclick>ActivateWindow(Weather)</onclick>
            <onclick>SetFocus(9100,0,absolute)</onclick>
        </item>
        <item>
            <label>$INFO[Window(Weather).Property(Day4.Outlook)]</label>
            <property name="LowTemp">$INFO[Window(Weather).Property(Day4.LowTemp)]</property>
            <property name="HighTemp">$INFO[Window(Weather).Property(Day4.HighTemp),[B],[/B]]</property>
            <property name="Title">$INFO[Window(Weather).Property(Day4.Title)]</property>
            <property name="FanartTexture">$INFO[Skin.String(weather.icons.path),,/]$INFO[Window(Weather).Property(Day4.FanartCode),,.png]</property>
            <property name="AnimatedFanartImagepath">$INFO[Skin.String(weather.icons.path),,/]$INFO[Window(Weather).Property(Day4.FanartCode)]/</property>
            <property name="OutlookTexture">$INFO[Window(Weather).Property(Day4.OutlookIcon)]</property>
            <property name="FanartCode">$INFO[Window(Weather).Property(Day4.FanartCode)]</property>
            <visible>!String.IsEmpty(Window(Weather).Property(Day4.Outlook))</visible>
            <onclick>ActivateWindow(Weather)</onclick>
            <onclick>SetFocus(9100,0,absolute)</onclick>
        </item>
        <item>
            <label>$INFO[Window(Weather).Property(Day5.Outlook)]</label>
            <property name="LowTemp">$INFO[Window(Weather).Property(Day5.LowTemp)]</property>
            <property name="HighTemp">$INFO[Window(Weather).Property(Day5.HighTemp),[B],[/B]]</property>
            <property name="Title">$INFO[Window(Weather).Property(Day5.Title)]</property>
            <property name="FanartTexture">$INFO[Skin.String(weather.icons.path),,/]$INFO[Window(Weather).Property(Day5.FanartCode),,.png]</property>
            <property name="AnimatedFanartImagepath">$INFO[Skin.String(weather.icons.path),,/]$INFO[Window(Weather).Property(Day5.FanartCode)]/</property>
            <property name="OutlookTexture">$INFO[Window(Weather).Property(Day5.OutlookIcon)]</property>
            <property name="FanartCode">$INFO[Window(Weather).Property(Day5.FanartCode)]</property>
            <visible>!String.IsEmpty(Window(Weather).Property(Day5.Outlook))</visible>
            <onclick>ActivateWindow(Weather)</onclick>
            <onclick>SetFocus(9100,0,absolute)</onclick>
        </item>
        <item>
            <label>$INFO[Window(Weather).Property(Day6.Outlook)]</label>
            <property name="LowTemp">$INFO[Window(Weather).Property(Day6.LowTemp)]</property>
            <property name="HighTemp">$INFO[Window(Weather).Property(Day6.HighTemp),[B],[/B]]</property>
            <property name="Title">$INFO[Window(Weather).Property(Day6.Title)]</property>
            <property name="FanartTexture">$INFO[Skin.String(weather.icons.path),,/]$INFO[Window(Weather).Property(Day6.FanartCode),,.png]</property>
            <property name="AnimatedFanartImagepath">$INFO[Skin.String(weather.icons.path),,/]$INFO[Window(Weather).Property(Day6.FanartCode)]/</property>
            <property name="OutlookTexture">$INFO[Window(Weather).Property(Day6.OutlookIcon)]</property>
            <property name="FanartCode">$INFO[Window(Weather).Property(Day6.FanartCode)]</property>
            <visible>!String.IsEmpty(Window(Weather).Property(Day6.Outlook))</visible>
            <onclick>ActivateWindow(Weather)</onclick>
            <onclick>SetFocus(9100,0,absolute)</onclick>
        </item>
        <item>
            <label>$INFO[Window(Weather).Property(Daily.8.Outlook)]</label>
            <property name="LowTemp">$INFO[Window(Weather).Property(Daily.8.LowTemperature)]</property>
            <property name="HighTemp">$INFO[Window(Weather).Property(Daily.8.HighTemperature),[B],[/B]]</property>
            <property name="Title">$INFO[Window(Weather).Property(Daily.8.LongDay)]</property>
            <property name="FanartTexture">$INFO[Skin.String(weather.icons.path),,/]$INFO[Window(Weather).Property(Daily.8.FanartCode),,.png]</property>
            <property name="AnimatedFanartImagepath">$INFO[Skin.String(weather.icons.path),,/]$INFO[Window(Weather).Property(Daily.8.FanartCode)]/</property>
            <property name="OutlookTexture">resource://resource.images.weathericons.default/$INFO[Window(Weather).Property(Daily.8.FanartCode),,.png]</property>
            <property name="FanartCode">$INFO[Window(Weather).Property(Daily8.FanartCode)]</property>
            <visible>[String.IsEqual(Container(300).ListItem.Property(widgetaspect),Poster) | String.IsEmpty(Container(300).ListItem.Property(widgetaspect)) | String.IsEqual(Container(300).ListItem.Property(widgetaspect),Fanart) | String.IsEqual(Container(300).ListItem.Property(widgetaspect),Thumbnail)] + !String.IsEmpty(Window(Weather).Property(Daily.8.LongDay))</visible>
            <onclick>ActivateWindow(Weather)</onclick>
            <onclick>SetFocus(9100,0,absolute)</onclick>
        </item>
        <item>
            <label>$INFO[Window(Weather).Property(Daily.9.Outlook)]</label>
            <property name="LowTemp">$INFO[Window(Weather).Property(Daily.9.LowTemperature)]</property>
            <property name="HighTemp">$INFO[Window(Weather).Property(Daily.9.HighTemperature),[B],[/B]]</property>
            <property name="Title">$INFO[Window(Weather).Property(Daily.9.LongDay)]</property>
            <property name="FanartTexture">$INFO[Skin.String(weather.icons.path),,/]$INFO[Window(Weather).Property(Daily.9.FanartCode),,.png]</property>
            <property name="OutlookTexture">resource://resource.images.weathericons.default/$INFO[Window(Weather).Property(Daily.9.FanartCode),,.png]</property>
            <property name="AnimatedFanartImagepath">$INFO[Skin.String(weather.icons.path),,/]$INFO[Window(Weather).Property(Daily.9.FanartCode)]/</property>
            <property name="FanartCode">$INFO[Window(Weather).Property(Daily9.FanartCode)]</property>
            <visible>[String.IsEqual(Container(300).ListItem.Property(widgetaspect),Poster) | String.IsEmpty(Container(300).ListItem.Property(widgetaspect)) | String.IsEqual(Container(300).ListItem.Property(widgetaspect),Fanart) | String.IsEqual(Container(300).ListItem.Property(widgetaspect),Thumbnail)] + !String.IsEmpty(Window(Weather).Property(Daily.9.LongDay))</visible>
            <onclick>ActivateWindow(Weather)</onclick>
            <onclick>SetFocus(9100,0,absolute)</onclick>
        </item>
        <item>
            <label>$INFO[Window(Weather).Property(Daily.10.Outlook)]</label>
            <property name="LowTemp">$INFO[Window(Weather).Property(Daily.10.LowTemperature)]</property>
            <property name="HighTemp">$INFO[Window(Weather).Property(Daily.10.HighTemperature),[B],[/B]]</property>
            <property name="Title">$INFO[Window(Weather).Property(Daily.10.LongDay)]</property>
            <property name="FanartTexture">$INFO[Skin.String(weather.icons.path),,/]$INFO[Window(Weather).Property(Daily.10.FanartCode),,.png]</property>
            <property name="OutlookTexture">resource://resource.images.weathericons.default/$INFO[Window(Weather).Property(Daily.10.FanartCode),,.png]</property>
            <property name="AnimatedFanartImagepath">$INFO[Skin.String(weather.icons.path),,/]$INFO[Window(Weather).Property(Daily.10.FanartCode)]/</property>
            <property name="FanartCode">$INFO[Window(Weather).Property(Daily10.FanartCode)]</property>
            <visible>[String.IsEqual(Container(300).ListItem.Property(widgetaspect),Poster) | String.IsEmpty(Container(300).ListItem.Property(widgetaspect)) | String.IsEqual(Container(300).ListItem.Property(widgetaspect),Fanart) | String.IsEqual(Container(300).ListItem.Property(widgetaspect),Thumbnail)] + !String.IsEmpty(Window(Weather).Property(Daily.10.LongDay))</visible>
            <onclick>ActivateWindow(Weather)</onclick>
            <onclick>SetFocus(9100,0,absolute)</onclick>
        </item>
    </include>
    
    <include name="WeatherHourlyItems">
        <item>
            <label>$INFO[Window(Weather).Property(Hourly.1.Outlook)]</label>
            <property name="HighTemp">$INFO[Window(Weather).Property(Hourly.1.Temperature),[B],[/B]]</property>
            <property name="Title">[B]$LOCALIZE[19030][/B]</property>
            <property name="FanartTexture">$INFO[Skin.String(weather.icons.path),,/]$INFO[Window(Weather).Property(Hourly.1.FanartCode),,.png]</property>
            <property name="OutlookTexture">resource://resource.images.weathericons.default/$INFO[Window(Weather).Property(Hourly.1.FanartCode),,.png]</property>
            <property name="Today">true</property>
            <property name="FanartCode">$INFO[Window(Weather).Property(Hourly.1.FanartCode)]</property>
            <visible>!String.IsEmpty(Window(Weather).Property(Hourly.1.Outlook))</visible>
            <onclick>ActivateWindow(Weather)</onclick>
            <onclick>SetFocus(9100,2,absolute)</onclick>
        </item>
        <item>
            <label>$INFO[Window(Weather).Property(Hourly.2.Outlook)]</label>
            <property name="HighTemp">$INFO[Window(Weather).Property(Hourly.2.Temperature)]</property>
            <property name="Title">$INFO[Window(Weather).Property(Hourly.2.Time)]</property>
            <property name="FanartTexture">$INFO[Skin.String(weather.icons.path),,/]$INFO[Window(Weather).Property(Hourly.2.FanartCode),,.png]</property>
            <property name="OutlookTexture">resource://resource.images.weathericons.default/$INFO[Window(Weather).Property(Hourly.2.FanartCode),,.png]</property>
            <property name="FanartCode">$INFO[Window(Weather).Property(Hourly.2.FanartCode)]</property>
            <visible>!String.IsEmpty(Window(Weather).Property(Hourly.2.Outlook))</visible>
            <onclick>ActivateWindow(Weather)</onclick>
            <onclick>SetFocus(9100,2,absolute)</onclick>
        </item>
        <item>
            <label>$INFO[Window(Weather).Property(Hourly.3.Outlook)]</label>
            <property name="HighTemp">$INFO[Window(Weather).Property(Hourly.3.Temperature)]</property>
            <property name="Title">$INFO[Window(Weather).Property(Hourly.3.Time)]</property>
            <property name="FanartTexture">$INFO[Skin.String(weather.icons.path),,/]$INFO[Window(Weather).Property(Hourly.3.FanartCode),,.png]</property>
            <property name="OutlookTexture">resource://resource.images.weathericons.default/$INFO[Window(Weather).Property(Hourly.3.FanartCode),,.png]</property>
            <property name="FanartCode">$INFO[Window(Weather).Property(Hourly.3.FanartCode)]</property>
            <visible>!String.IsEmpty(Window(Weather).Property(Hourly.3.Outlook))</visible>
            <onclick>ActivateWindow(Weather)</onclick>
            <onclick>SetFocus(9100,2,absolute)</onclick>
        </item>
        <item>
            <label>$INFO[Window(Weather).Property(Hourly.4.Outlook)]</label>
            <property name="HighTemp">$INFO[Window(Weather).Property(Hourly.4.Temperature)]</property>
            <property name="Title">$INFO[Window(Weather).Property(Hourly.4.Time)]</property>
            <property name="FanartTexture">$INFO[Skin.String(weather.icons.path),,/]$INFO[Window(Weather).Property(Hourly.4.FanartCode),,.png]</property>
            <property name="OutlookTexture">resource://resource.images.weathericons.default/$INFO[Window(Weather).Property(Hourly.4.FanartCode),,.png]</property>
            <property name="FanartCode">$INFO[Window(Weather).Property(Hourly.4.FanartCode)]</property>
            <visible>!String.IsEmpty(Window(Weather).Property(Hourly.4.Outlook))</visible>
            <onclick>ActivateWindow(Weather)</onclick>
            <onclick>SetFocus(9100,2,absolute)</onclick>
        </item>
        <item>
            <label>$INFO[Window(Weather).Property(Hourly.5.Outlook)]</label>
            <property name="HighTemp">$INFO[Window(Weather).Property(Hourly.5.Temperature)]</property>
            <property name="Title">$INFO[Window(Weather).Property(Hourly.5.Time)]</property>
            <property name="FanartTexture">$INFO[Skin.String(weather.icons.path),,/]$INFO[Window(Weather).Property(Hourly.5.FanartCode),,.png]</property>
            <property name="OutlookTexture">resource://resource.images.weathericons.default/$INFO[Window(Weather).Property(Hourly.5.FanartCode),,.png]</property>
            <property name="FanartCode">$INFO[Window(Weather).Property(Hourly.5.FanartCode)]</property>
            <visible>!String.IsEmpty(Window(Weather).Property(Hourly.5.Outlook))</visible>
            <onclick>ActivateWindow(Weather)</onclick>
            <onclick>SetFocus(9100,2,absolute)</onclick>
        </item>
        <item>
            <label>$INFO[Window(Weather).Property(Hourly.6.Outlook)]</label>
            <property name="HighTemp">$INFO[Window(Weather).Property(Hourly.6.Temperature)]</property>
            <property name="Title">$INFO[Window(Weather).Property(Hourly.6.Time)]</property>
            <property name="FanartTexture">$INFO[Skin.String(weather.icons.path),,/]$INFO[Window(Weather).Property(Hourly.6.FanartCode),,.png]</property>
            <property name="OutlookTexture">resource://resource.images.weathericons.default/$INFO[Window(Weather).Property(Hourly.6.FanartCode),,.png]</property>
            <property name="FanartCode">$INFO[Window(Weather).Property(Hourly.6.FanartCode)]</property>
            <visible>!String.IsEmpty(Window(Weather).Property(Hourly.6.Outlook))</visible>
            <onclick>ActivateWindow(Weather)</onclick>
            <onclick>SetFocus(9100,2,absolute)</onclick>
        </item>
        <item>
            <label>$INFO[Window(Weather).Property(Hourly.7.Outlook)]</label>
            <property name="HighTemp">$INFO[Window(Weather).Property(Hourly.7.Temperature)]</property>
            <property name="Title">$INFO[Window(Weather).Property(Hourly.7.Time)]</property>
            <property name="FanartTexture">$INFO[Skin.String(weather.icons.path),,/]$INFO[Window(Weather).Property(Hourly.7.FanartCode),,.png]</property>
            <property name="OutlookTexture">resource://resource.images.weathericons.default/$INFO[Window(Weather).Property(Hourly.7.FanartCode),,.png]</property>
            <property name="FanartCode">$INFO[Window(Weather).Property(Hourly.7.FanartCode)]</property>
            <visible>!String.IsEmpty(Window(Weather).Property(Hourly.7.Outlook))</visible>
            <onclick>ActivateWindow(Weather)</onclick>
            <onclick>SetFocus(9100,2,absolute)</onclick>
        </item>
        <item>
            <label>$INFO[Window(Weather).Property(Hourly.8.Outlook)]</label>
            <property name="HighTemp">$INFO[Window(Weather).Property(Hourly.8.Temperature)]</property>
            <property name="Title">$INFO[Window(Weather).Property(Hourly.8.Time)]</property>
            <property name="FanartTexture">$INFO[Skin.String(weather.icons.path),,/]$INFO[Window(Weather).Property(Hourly.8.FanartCode),,.png]</property>
            <property name="OutlookTexture">resource://resource.images.weathericons.default/$INFO[Window(Weather).Property(Hourly.8.FanartCode),,.png]</property>
            <property name="FanartCode">$INFO[Window(Weather).Property(Hourly.8.FanartCode)]</property>
            <visible>!String.IsEmpty(Window(Weather).Property(Hourly.8.Outlook))</visible>
            <onclick>ActivateWindow(Weather)</onclick>
            <onclick>SetFocus(9100,2,absolute)</onclick>
        </item>
        <item>
            <label>$INFO[Window(Weather).Property(Hourly.9.Outlook)]</label>
            <property name="HighTemp">$INFO[Window(Weather).Property(Hourly.9.Temperature)]</property>
            <property name="Title">$INFO[Window(Weather).Property(Hourly.9.Time)]</property>
            <property name="FanartTexture">$INFO[Skin.String(weather.icons.path),,/]$INFO[Window(Weather).Property(Hourly.9.FanartCode),,.png]</property>
            <property name="OutlookTexture">resource://resource.images.weathericons.default/$INFO[Window(Weather).Property(Hourly.9.FanartCode),,.png]</property>
            <property name="FanartCode">$INFO[Window(Weather).Property(Hourly.9.FanartCode)]</property>
            <visible>!String.IsEmpty(Window(Weather).Property(Hourly.9.Outlook))</visible>
            <onclick>ActivateWindow(Weather)</onclick>
            <onclick>SetFocus(9100,2,absolute)</onclick>
        </item>
        <item>
            <label>$INFO[Window(Weather).Property(Hourly.10.Outlook)]</label>
            <property name="HighTemp">$INFO[Window(Weather).Property(Hourly.10.Temperature)]</property>
            <property name="Title">$INFO[Window(Weather).Property(Hourly.10.Time)]</property>
            <property name="FanartTexture">$INFO[Skin.String(weather.icons.path),,/]$INFO[Window(Weather).Property(Hourly.10.FanartCode),,.png]</property>
            <property name="OutlookTexture">resource://resource.images.weathericons.default/$INFO[Window(Weather).Property(Hourly.10.FanartCode),,.png]</property>
            <property name="FanartCode">$INFO[Window(Weather).Property(Hourly.10.FanartCode)]</property>
            <visible>!String.IsEmpty(Window(Weather).Property(Hourly.10.Outlook))</visible>
            <onclick>ActivateWindow(Weather)</onclick>
            <onclick>SetFocus(9100,2,absolute)</onclick>
        </item>
        <item>
            <label>$INFO[Window(Weather).Property(Hourly.11.Outlook)]</label>
            <property name="HighTemp">$INFO[Window(Weather).Property(Hourly.11.Temperature)]</property>
            <property name="Title">$INFO[Window(Weather).Property(Hourly.11.Time)]</property>
            <property name="FanartTexture">$INFO[Skin.String(weather.icons.path),,/]$INFO[Window(Weather).Property(Hourly.11.FanartCode),,.png]</property>
            <property name="OutlookTexture">resource://resource.images.weathericons.default/$INFO[Window(Weather).Property(Hourly.11.FanartCode),,.png]</property>
            <property name="FanartCode">$INFO[Window(Weather).Property(Hourly.11.FanartCode)]</property>
            <visible>!String.IsEmpty(Window(Weather).Property(Hourly.11.Outlook))</visible>
            <onclick>ActivateWindow(Weather)</onclick>
            <onclick>SetFocus(9100,2,absolute)</onclick>
        </item>
        <item>
            <label>$INFO[Window(Weather).Property(Hourly.12.Outlook)]</label>
            <property name="HighTemp">$INFO[Window(Weather).Property(Hourly.12.Temperature)]</property>
            <property name="Title">$INFO[Window(Weather).Property(Hourly.12.Time)]</property>
            <property name="FanartTexture">$INFO[Skin.String(weather.icons.path),,/]$INFO[Window(Weather).Property(Hourly.12.FanartCode),,.png]</property>
            <property name="OutlookTexture">resource://resource.images.weathericons.default/$INFO[Window(Weather).Property(Hourly.12.FanartCode),,.png]</property>
            <property name="FanartCode">$INFO[Window(Weather).Property(Hourly.12.FanartCode)]</property>
            <visible>!String.IsEmpty(Window(Weather).Property(Hourly.12.Outlook))</visible>
            <onclick>ActivateWindow(Weather)</onclick>
            <onclick>SetFocus(9100,2,absolute)</onclick>
        </item>
        <item>
            <label>$INFO[Window(Weather).Property(Hourly.13.Outlook)]</label>
            <property name="HighTemp">$INFO[Window(Weather).Property(Hourly.13.Temperature)]</property>
            <property name="Title">$INFO[Window(Weather).Property(Hourly.13.Time)]</property>
            <property name="FanartTexture">$INFO[Skin.String(weather.icons.path),,/]$INFO[Window(Weather).Property(Hourly.13.FanartCode),,.png]</property>
            <property name="OutlookTexture">resource://resource.images.weathericons.default/$INFO[Window(Weather).Property(Hourly.13.FanartCode),,.png]</property>
            <property name="FanartCode">$INFO[Window(Weather).Property(Hourly.13.FanartCode)]</property>
            <visible>!String.IsEmpty(Window(Weather).Property(Hourly.13.Outlook))</visible>
            <onclick>ActivateWindow(Weather)</onclick>
            <onclick>SetFocus(9100,2,absolute)</onclick>
        </item>
        <item>
            <label>$INFO[Window(Weather).Property(Hourly.14.Outlook)]</label>
            <property name="HighTemp">$INFO[Window(Weather).Property(Hourly.14.Temperature)]</property>
            <property name="Title">$INFO[Window(Weather).Property(Hourly.14.Time)]</property>
            <property name="FanartTexture">$INFO[Skin.String(weather.icons.path),,/]$INFO[Window(Weather).Property(Hourly.14.FanartCode),,.png]</property>
            <property name="OutlookTexture">resource://resource.images.weathericons.default/$INFO[Window(Weather).Property(Hourly.14.FanartCode),,.png]</property>
            <property name="FanartCode">$INFO[Window(Weather).Property(Hourly.14.FanartCode)]</property>
            <visible>!String.IsEmpty(Window(Weather).Property(Hourly.14.Outlook))</visible>
            <onclick>ActivateWindow(Weather)</onclick>
            <onclick>SetFocus(9100,2,absolute)</onclick>
        </item>
        <item>
            <label>$INFO[Window(Weather).Property(Hourly.15.Outlook)]</label>
            <property name="HighTemp">$INFO[Window(Weather).Property(Hourly.15.Temperature)]</property>
            <property name="Title">$INFO[Window(Weather).Property(Hourly.15.Time)]</property>
            <property name="FanartTexture">$INFO[Skin.String(weather.icons.path),,/]$INFO[Window(Weather).Property(Hourly.15.FanartCode),,.png]</property>
            <property name="OutlookTexture">resource://resource.images.weathericons.default/$INFO[Window(Weather).Property(Hourly.15.FanartCode),,.png]</property>
            <property name="FanartCode">$INFO[Window(Weather).Property(Hourly.15.FanartCode)]</property>
            <visible>!String.IsEmpty(Window(Weather).Property(Hourly.15.Outlook))</visible>
            <onclick>ActivateWindow(Weather)</onclick>
            <onclick>SetFocus(9100,2,absolute)</onclick>
        </item>
        <item>
            <label>$INFO[Window(Weather).Property(Hourly.16.Outlook)]</label>
            <property name="HighTemp">$INFO[Window(Weather).Property(Hourly.16.Temperature)]</property>
            <property name="Title">$INFO[Window(Weather).Property(Hourly.16.Time)]</property>
            <property name="FanartTexture">$INFO[Skin.String(weather.icons.path),,/]$INFO[Window(Weather).Property(Hourly.16.FanartCode),,.png]</property>
            <property name="OutlookTexture">resource://resource.images.weathericons.default/$INFO[Window(Weather).Property(Hourly.16.FanartCode),,.png]</property>
            <property name="FanartCode">$INFO[Window(Weather).Property(Hourly.16.FanartCode)]</property>
            <visible>!String.IsEmpty(Window(Weather).Property(Hourly.16.Outlook))</visible>
            <onclick>ActivateWindow(Weather)</onclick>
            <onclick>SetFocus(9100,2,absolute)</onclick>
        </item>
    </include>
    
    <include name="SystemInfoItems">
        <item>
            <label>$LOCALIZE[705]</label>
            <label2>$INFO[Network.LinkState]</label2>
            <icon>special://skin/extras/icons/networkinfo.png</icon>
            <property name="Label3">$INFO[Network.IPAddress,IP: ]</property>
            <visible>!String.IsEmpty(Network.IPAddress)</visible>
            <onclick>ActivateWindowAndFocus(systeminfo,96,0)</onclick>
        </item>
        <item>
            <label>$LOCALIZE[705]</label>
            <label2>$INFO[Network.LinkState]</label2>
            <icon>special://skin/extras/icons/network.png</icon>
            <property name="Label3">$INFO[Network.IPAddress,IP: ]</property>
            <visible>String.IsEmpty(Network.IPAddress)</visible>
            <onclick>ActivateWindowAndFocus(systeminfo,96,0)</onclick>
        </item>
        <item>
            <label>$LOCALIZE[13280]</label>
            <label2>$INFO[System.ScreenWidth]x$INFO[System.ScreenHeight]</label2>
            <icon>special://skin/extras/icons/graphicinfo.png</icon>
            <property name="Label3">$INFO[System.fps,, FPS]</property>
            <onclick>ActivateWindowAndFocus(systeminfo,97,0)</onclick>
        </item>
        <item>
            <label>$LOCALIZE[31487]</label>
            <label2>$INFO[System.CPUUsage(used.percent)]</label2>
            <icon>special://skin/extras/icons/sysinfo.png</icon>
            <property name="Label3">$INFO[System.CpuFrequency]</property>
            <property name="Label4">cpu</property>
            <onclick>ActivateWindowAndFocus(systeminfo,98,0)</onclick>
        </item>
        <item>
            <label>$LOCALIZE[31398]</label>
            <label2>$INFO[System.Memory(used.percent)] $LOCALIZE[20162]</label2>
            <icon>special://skin/extras/icons/raminfo.png</icon>
            <property name="Label3">$INFO[System.Memory(total)] $LOCALIZE[20161]</property>
            <property name="Label4">ram</property>
            <onclick>ActivateWindowAndFocus(systeminfo,98,0)</onclick>
        </item>
        <item>
            <label>$LOCALIZE[154]</label>
            <label2>$INFO[System.UsedSpacePercent]</label2>
            <icon>special://skin/extras/icons/storageinfo.png</icon>
            <property name="Label3">$INFO[System.TotalSpace]</property>
            <property name="Label4">storage</property>
            <onclick>ActivateWindowAndFocus(systeminfo,94,0)</onclick>
        </item>
        <item>
            <label>$LOCALIZE[14204]</label>
            <label2>$INFO[Pvr.BackendName]</label2>
            <icon>special://skin/extras/icons/pvrinfo.png</icon>
            <property name="Label3">$INFO[Pvr.BackendChannels] $LOCALIZE[19019]</property>
            <visible>PVR.HasTVChannels</visible>
            <onclick>ActivateWindowAndFocus(systeminfo,99,0)</onclick>
        </item>
        <item>
            <label>$LOCALIZE[20342] &amp; $LOCALIZE[20343]</label>
            <label2>$INFO[Window(home).Property(Movies.Count)] $LOCALIZE[20342]</label2>
            <icon>special://skin/extras/icons/tv.png</icon>
            <property name="Label3">$INFO[Window(home).Property(TVShows.Count)] $LOCALIZE[20343]</property>
            <visible>Library.HasContent(Movies) | Library.HasContent(TVShows)</visible>
            <onclick>ActivateWindow(systeminfo)</onclick>
        </item>
        <item>
            <label>$LOCALIZE[132] &amp; $LOCALIZE[134]</label>
            <label2>$INFO[Window(home).Property(Music.AlbumsCount)] $LOCALIZE[132]</label2>
            <icon>special://skin/extras/icons/songs.png</icon>
            <property name="Label3">$INFO[Window(home).Property(Music.SongsCount)] $LOCALIZE[134]</property>
            <visible>Library.HasContent(Music)</visible>
            <onclick>ActivateWindow(systeminfo)</onclick>
        </item>
        <item>
            <label>$LOCALIZE[19114]</label>
            <label2>$INFO[System.BuildVersion]</label2>
            <icon>special://skin/extras/icons/kodi.png</icon>
            <property name="Label3">$INFO[System.BuildDate]</property>
            <onclick>ActivateWindow(systeminfo)</onclick>
        </item>
    </include>
    
    <include name="SettingsInfoItems">
        <item id="1">
            <label>14206</label>
            <label2>31275</label2>
            <icon>special://skin/extras/icons/paintbrush.png</icon>
            <onclick>ActivateWindow(InterfaceSettings)</onclick>
        </item>
        <item id="2">
            <label>14202</label>
            <label2>31276</label2>
            <icon>special://skin/extras/icons/tags.png</icon>
            <onclick>ActivateWindow(MediaSettings)</onclick>
        </item>
        <item id="3">
            <label>14200</label>
            <label2>31277</label2>
            <icon>special://skin/extras/icons/equalizer.png</icon>
            <onclick>ActivateWindow(PlayerSettings)</onclick>
        </item>
        <item id="12">
            <label>20077</label>
            <label2>31166</label2>
            <icon>special://skin/extras/icons/year.png</icon>
            <onclick>ActivateWindow(SkinSettings)</onclick>
        </item>
        <item id="8">
            <label>13000</label>
            <label2>31161</label2>
            <icon>special://skin/extras/icons/configure.png</icon>
            <onclick>ActivateWindow(SystemSettings)</onclick>
        </item>
        <item id="7">
            <label>14036</label>
            <label2>31164</label2>
            <icon>special://skin/extras/icons/network.png</icon>
            <onclick>ActivateWindow(servicesettings)</onclick>
        </item>
        <item id="9">
            <label>13200</label>
            <label2>31165</label2>
            <icon>special://skin/extras/icons/actor.png</icon>
            <onclick>ActivateWindow(Profiles)</onclick>
        </item>
        <item id="4">
            <label>24001</label>
            <label2>31162</label2>
            <icon>special://skin/extras/icons/addons.png</icon>
            <onclick>ActivateWindow(AddonBrowser)</onclick>
        </item>
        <item id="10">
            <label>130</label>
            <label2>31167</label2>
            <icon>special://skin/extras/icons/sysinfo.png</icon>
            <onclick>ActivateWindow(7)</onclick>
        </item>
        <item id="11">
            <label>19191</label>
            <label2>31163</label2>
            <icon>special://skin/extras/icons/livetv.png</icon>
            <onclick>ActivateWindow(pvrsettings)</onclick>
        </item>
        <item id="5">
            <label>LibreELEC $LOCALIZE[5]</label>
            <label2>31373</label2>
            <icon>special://skin/extras/icons/libreelec.png</icon>
            <onclick>RunScript(service.libreelec.settings)</onclick>
            <visible>System.HasAddon(service.libreelec.settings)</visible>
        </item>
        <item id="6">
            <label>CoreELEC $LOCALIZE[5]</label>
            <label2>31374</label2>
            <icon>special://skin/extras/icons/coreelec.png</icon>
            <onclick>RunScript(service.coreelec.settings)</onclick>
            <visible>System.HasAddon(service.coreelec.settings)</visible>
        </item>
        <item id="14">
            <label>$LOCALIZE[7]</label>
            <icon>special://skin/extras/icons/filemanager.png</icon>
            <onclick>ActivateWindow(filemanager)</onclick>
        </item>
    </include>
</includes>