<?xml version="1.0" encoding="UTF-8"?>
<window>
    <defaultcontrol always="true">401</defaultcontrol>
    <onunload>ClearProperty(Backg,Home)</onunload>
    <onunload condition="Control.IsVisible(9900)">ClearProperty(custommenu,Home)</onunload>
    <onunload>RunScript(script.skinshortcuts,type=buildxml&amp;mainmenuID=300&amp;group=mainmenu|x1111|x1112|x1113|x1114|x1115|x1116|x1117|x1118|x1119|powermenu&amp;levels=6)</onunload>
    <controls>
        <include>GlobalOverlay</include>
        <control type="group">
            <include>Animation.FadeIn.Slide</include>
            <include>Animation.FadeOut</include>
            <centerleft>50%</centerleft>
            <centertop>50%</centertop>
            <width>1550</width>
            <height>680</height>
            <control type="image">
                <description>background image</description>
                <top>0</top>
                <bottom>0</bottom>
                <left>0</left>
                <right>0</right>
                <texture border="16" colordiffuse="White100">common/rounded-shadow8.png</texture>
            </control>
            <control type="label" id="500">
                <include content="DefDialogHeader">
                    <param name="width" value="1410"/>
                </include>
                <label/>
            </control>
            <include content="PSMC_Logo">
                <param name="dimensions" value="40"/>
                <param name="top" value="40"/>
                <param name="left" value="40"/>
            </include>

            <!-- Lines -->
            <control type="image">
                <top>95</top>
                <left>40</left>
                <right>40</right>
                <height>1</height>
                <bottom>10</bottom>
                <colordiffuse>Black12</colordiffuse>
                <texture>common/white.png</texture>
            </control>

            <!-- Left List: Current Shortcuts -->
            <control type="list" id="211">
                <description>Rules List Control</description>
                <left>15</left>
                <bottom>12</bottom>
                <width>600</width>
                <height>552</height>
                <onup>211</onup>
                <onleft>211</onleft>
                <onright>9100</onright>
                <ondown>211</ondown>
                <scrolltime>0</scrolltime>
                <itemlayout width="600" height="69">
                    <control type="image">
                        <posx>0</posx>
                        <posy>0</posy>
                        <width>100%</width>
                        <height>66</height>
                        <texture border="5" colordiffuse="Black12">common/box.png</texture>
                    </control>
                    <control type="label">
                        <left>30</left>
                        <right>30</right>
                        <info>ListItem.Label</info>
                        <animation effect="fade" start="100" end="50" time="0" condition="String.IsEqual(Container(211).ListItem.Property(skinshortcuts-disabled),True)">Conditional</animation>
                    </control>
                    <control type="image">
                        <right>15</right>
                        <top>0</top>
                        <width>66</width>
                        <height>66</height>
                        <texture colordiffuse="Black30" fallback="special://skin/extras/icons/addtile.png">$INFO[ListItem.Icon]</texture>
                        <visible>true</visible>
                        <animation effect="fade" start="0" end="100" time="1" delay="1" reversible="false">Visible</animation>
                    </control>
                </itemlayout>
                <focusedlayout width="600" height="69">
                    <control type="image">
                        <posx>0</posx>
                        <posy>0</posy>
                        <width>100%</width>
                        <height>66</height>
                        <texture border="5" colordiffuse="$VAR[ColorSelectOtherBar]">common/box.png</texture>
                    </control>
                    <control type="image">
                        <width>100%</width>
                        <height>66</height>
                        <texture border="8" colordiffuse="$VAR[ColorHighlightOtherBar]">common/gradient-box-wide.png</texture>
                    </control>
                    <control type="image">
                        <posx>0</posx>
                        <posy>0</posy>
                        <width>100%</width>
                        <height>66</height>
                        <texture border="5" colordiffuse="PanelBlack30">common/box.png</texture>
                        <visible>false</visible>
                    </control>
                    <control type="label">
                        <left>30</left>
                        <right>30</right>
                        <info>ListItem.Label</info>
                        <textcolor>Selected</textcolor>
                        <animation effect="fade" start="100" end="50" time="0" condition="String.IsEqual(Container(211).ListItem.Property(skinshortcuts-disabled),True)">Conditional</animation>
                    </control>
                    <control type="image">
                        <right>15</right>
                        <top>0</top>
                        <width>66</width>
                        <height>66</height>
                        <texture colordiffuse="Black30" fallback="special://skin/extras/icons/addtile.png">$INFO[ListItem.Icon]</texture>
                        <visible>!Control.HasFocus(4000)</visible>
                        <animation effect="fade" start="0" end="100" time="1" delay="1" reversible="false">Visible</animation>
                    </control>
                    <control type="image">
                        <right>15</right>
                        <top>0</top>
                        <width>66</width>
                        <height>66</height>
                        <texture colordiffuse="Selected" fallback="special://skin/extras/icons/addtile.png">$INFO[ListItem.Icon]</texture>
                        <visible>Control.HasFocus(4000)</visible>
                        <animation effect="fade" start="0" end="100" time="1" delay="1" reversible="false">Visible</animation>
                    </control>
                </focusedlayout>
            </control>
            <control type="button" id="4000">
                <include>HiddenButton</include>
                <onup>Control.Move(211,-1)</onup>
                <ondown>Control.Move(211,1)</ondown>
                <onleft>304</onleft>
                <onright condition="Control.IsVisible(9900)">9900</onright>
                <onright>9100</onright>
                <onclick>Sendclick(311)</onclick>
            </control>
            <control type="grouplist" id="9200">
                <left>0</left>
                <top>117</top>
                <width>600</width>
                <align>right</align>
                <itemgap>-20</itemgap>
                <onright>4000</onright>
                <onleft>4000</onleft>
                <onup>Control.Move(211,-1)</onup>
                <ondown>Control.Move(211,1)</ondown>
                <orientation>horizontal</orientation>
                <animation effect="slide" end="-48" condition="true">Conditional</animation>
                <animation effect="slide" end="0,69" condition="Integer.IsGreater(Container(211).Position,0)">Conditional</animation>
                <animation effect="slide" end="0,69" condition="Integer.IsGreater(Container(211).Position,1)">Conditional</animation>
                <animation effect="slide" end="0,69" condition="Integer.IsGreater(Container(211).Position,2)">Conditional</animation>
                <animation effect="slide" end="0,69" condition="Integer.IsGreater(Container(211).Position,3)">Conditional</animation>
                <animation effect="slide" end="0,69" condition="Integer.IsGreater(Container(211).Position,4)">Conditional</animation>
                <animation effect="slide" end="0,69" condition="Integer.IsGreater(Container(211).Position,5)">Conditional</animation>
                <animation effect="slide" end="0,69" condition="Integer.IsGreater(Container(211).Position,6)">Conditional</animation>
                <animation effect="slide" end="0,69" condition="Integer.IsGreater(Container(211).Position,7)">Conditional</animation>
                <animation effect="slide" end="0,69" condition="Integer.IsGreater(Container(211).Position,8)">Conditional</animation>
                <animation effect="slide" end="0,69" condition="Integer.IsGreater(Container(211).Position,9)">Conditional</animation>
                <animation effect="slide" end="0,69" condition="Integer.IsGreater(Container(211).Position,10)">Conditional</animation>
                <animation effect="slide" end="0,69" condition="Integer.IsGreater(Container(211).Position,11)">Conditional</animation>
                <control type="button" id="302" description="Delete">
                    <width>64</width>
                    <height>64</height>
                    <font>Null</font>
                    <texturenofocus colordiffuse="Black30">buttons/delete.png</texturenofocus>
                    <texturefocus colordiffuse="Selected">buttons/delete.png</texturefocus>
                    <onfocus condition="!String.IsEqual(Window(Home).Property(custommenu),yes)">ClearProperty(skinshortcuts-Widget,Home)</onfocus>
                </control>
                <control type="button" id="301" description="Add">
                    <width>64</width>
                    <height>64</height>
                    <font>Null</font>
                    <texturenofocus colordiffuse="Black30">buttons/add.png</texturenofocus>
                    <texturefocus colordiffuse="Selected">buttons/add.png</texturefocus>
                    <onfocus condition="!String.IsEqual(Window(Home).Property(custommenu),yes)">ClearProperty(skinshortcuts-Widget,Home)</onfocus>
                </control>
                <control type="button" id="303" description="Up">
                    <width>64</width>
                    <height>64</height>
                    <font>Null</font>
                    <texturenofocus colordiffuse="Black30">buttons/moveup.png</texturenofocus>
                    <texturefocus colordiffuse="Selected">buttons/moveup.png</texturefocus>
                    <onfocus condition="!String.IsEqual(Window(Home).Property(custommenu),yes)">ClearProperty(skinshortcuts-Widget,Home)</onfocus>
                </control>
                <control type="button" id="304" description="Down">
                    <width>64</width>
                    <height>64</height>
                    <font>Null</font>
                    <texturenofocus colordiffuse="Black30" flipy="true">buttons/moveup.png</texturenofocus>
                    <texturefocus colordiffuse="Selected" flipy="true">buttons/moveup.png</texturefocus>
                    <onfocus condition="!String.IsEqual(Window(Home).Property(custommenu),yes)">ClearProperty(skinshortcuts-Widget,Home)</onfocus>
                </control>
            </control>

            <!-- Home -->
            <include content="Def_Gradient_Settings_Image_Shortcuts">
                <param name="controlid" value="9100"/>
                <param name="width" value="905"/>
                <param name="left" value="630"/>
                <param name="top" value="116"/>
                <param name="height" value="66"/>
                <param name="slide" value="69"/>
                <param name="border" value="8"/>
                <param name="image" value="common/box.png"/>
            </include>
            <include content="Def_Gradient_Settings_Image_Shortcuts">
                <param name="controlid" value="9300"/>
            </include>
            <include content="Def_Gradient_Settings_Image_Shortcuts">
                <param name="controlid" value="9400"/>
            </include>
            <include content="Def_Gradient_Settings_Image_Shortcuts">
                <param name="controlid" value="9500"/>
            </include>
            <include content="Def_Gradient_Settings_Image_Shortcuts">
                <param name="controlid" value="9600"/>
            </include>
            <include content="Def_Gradient_Settings_Image_Shortcuts">
                <param name="controlid" value="9700"/>
            </include>
            <include content="Def_Gradient_Settings_Image_Shortcuts">
                <param name="controlid" value="9900"/>
            </include>
            <include content="Def_Gradient_Settings_Image_Shortcuts">
                <param name="controlid" value="11000"/>
            </include>
            <control type="grouplist" id="9100">
                <scrolltime>0</scrolltime>
                <onleft>4000</onleft>
                <onright>303</onright>
                <onup>9100</onup>
                <ondown>9100</ondown>
                <right>15</right>
                <bottom>15</bottom>
                <width>905</width>
                <height>549</height>
                <orientation>vertical</orientation>
                <visible>String.IsEmpty(Window(Home).Property(custommenu))</visible>
                <itemgap>3</itemgap>
                <animation effect="fade" start="100" end="50" time="0" condition="String.IsEqual(Container(211).ListItem.Property(skinshortcuts-disabled),True)">Conditional</animation>
                <control type="button" id="313">
                    <description>Enable</description>
                    <width>100%</width>
                    <height>66</height>
                    <include>DefDialogButtonsGradient</include>
                    <visible>String.IsEqual(Window.Property(groupname),mainmenu) + String.IsEmpty(Window(Home).Property(skinshortcuts-Widget))</visible>
                    <texturenofocus colordiffuse="Black12" border="5">common/box.png</texturenofocus>
                    <align>left</align>
                    <label>126</label>
                    <label2>$VAR[ItemStatus]</label2>
                </control>
                <control type="button" id="401" description="Alt chooser">
                    <width>100%</width>
                    <height>66</height>
                    <texturenofocus colordiffuse="Black12" border="5">common/box.png</texturenofocus>
                    <align>left</align>
                    <include>DefDialogButtonsGradient</include>
                    <visible>String.IsEmpty(Window(Home).Property(skinshortcuts-Widget))</visible>
                </control>
                <control type="button" id="307" description="Custom">
                    <width>100%</width>
                    <height>66</height>
                    <label>31267</label>
                    <label2>$INFO[Container(211).ListItem.Property(Path)]</label2>
                    <texturenofocus colordiffuse="Black12" border="5">common/box.png</texturenofocus>
                    <align>left</align>
                    <include>DefDialogButtonsGradient</include>
                    <visible>String.IsEmpty(Window(Home).Property(skinshortcuts-Widget))</visible>
                </control>
                <control type="button" id="305" description="Set Label">
                    <width>100%</width>
                    <height>66</height>
                    <label>31268</label>
                    <label2>$INFO[Container(211).ListItem.Label]</label2>
                    <texturenofocus colordiffuse="Black12" border="5">common/box.png</texturenofocus>
                    <align>left</align>
                    <include>DefDialogButtonsGradient</include>
                    <visible>String.IsEmpty(Window(Home).Property(skinshortcuts-Widget))</visible>
                </control>
                <include>WidgetSelector</include>
                <control type="button" id="310" description="Background">
                    <width>100%</width>
                    <height>66</height>
                    <label>31110</label>
                    <label2>$INFO[Container(211).ListItem.Property(background)]</label2>
                    <texturenofocus colordiffuse="Black12" border="5">common/box.png</texturenofocus>
                    <align>left</align>
                    <include>DefDialogButtonsGradient</include>
                    <visible>[String.IsEqual(Window.Property(groupname),mainmenu) + String.IsEmpty(Window(Home).Property(skinshortcuts-Widget))] | String.IsEqual(Window(Home).Property(Backg),yes)</visible>
                </control>
                <control type="button" id="405" description="Set Submenu">
                    <width>100%</width>
                    <height>66</height>
                    <label>31112</label>
                    <visible>String.IsEqual(Window.Property(groupname),mainmenu)</visible>
                    <texturenofocus colordiffuse="Black12" border="5">common/box.png</texturenofocus>
                    <align>left</align>
                    <include>DefDialogButtonsGradient</include>
                    <visible>!String.IsEqual(Container(211).ListItem.Label2,MovieHub) + !String.IsEqual(Container(211).ListItem.Label2,TVHub)</visible>
                    <visible>String.IsEmpty(Window(Home).Property(skinshortcuts-Widget))</visible>
                </control>
                <include content="Defs_Shortcuts_SetHub">
                    <param name="hubid" value="1111"/>
                    <param name="buttonid1" value="9301"/>
                    <param name="buttonid2" value="9501"/>
                </include>
                <include content="Defs_Shortcuts_SetHub">
                    <param name="hubid" value="1112"/>
                    <param name="buttonid1" value="9302"/>
                    <param name="buttonid2" value="9502"/>
                </include>
                <include content="Defs_Shortcuts_SetHub">
                    <param name="hubid" value="1113"/>
                    <param name="buttonid1" value="9303"/>
                    <param name="buttonid2" value="9503"/>
                </include>
                <include content="Defs_Shortcuts_SetHub">
                    <param name="hubid" value="1114"/>
                    <param name="buttonid1" value="9304"/>
                    <param name="buttonid2" value="9504"/>
                </include>
                <include content="Defs_Shortcuts_SetHub">
                    <param name="hubid" value="1115"/>
                    <param name="buttonid1" value="9305"/>
                    <param name="buttonid2" value="9505"/>
                </include>
                <include content="Defs_Shortcuts_SetHub">
                    <param name="hubid" value="1116"/>
                    <param name="buttonid1" value="9306"/>
                    <param name="buttonid2" value="9506"/>
                </include>
                <include content="Defs_Shortcuts_SetHub">
                    <param name="hubid" value="1117"/>
                    <param name="buttonid1" value="9307"/>
                    <param name="buttonid2" value="9507"/>
                </include>
                <include content="Defs_Shortcuts_SetHub">
                    <param name="hubid" value="1118"/>
                    <param name="buttonid1" value="9308"/>
                    <param name="buttonid2" value="9508"/>
                </include>
                <include content="Defs_Shortcuts_SetHub">
                    <param name="hubid" value="1119"/>
                    <param name="buttonid1" value="9309"/>
                    <param name="buttonid2" value="9509"/>
                </include>
                <control type="button" id="308" description="Reset">
                    <width>100%</width>
                    <height>66</height>
                    <texturenofocus colordiffuse="Black12" border="5">common/box.png</texturenofocus>
                    <align>left</align>
                    <include>DefDialogButtonsGradient</include>
                    <visible>String.IsEmpty(Window(Home).Property(skinshortcuts-Widget))</visible>
                </control>
            </control>

            <!-- Custom Widget Configuration -->
            <control type="grouplist" id="9900">
                <scrolltime>0</scrolltime>
                <onleft>4000</onleft>
                <onright>303</onright>
                <onup>9100</onup>
                <ondown>9100</ondown>
                <right>15</right>
                <bottom>15</bottom>
                <width>905</width>
                <height>549</height>
                <orientation>vertical</orientation>
                <itemgap>3</itemgap>
                <visible>!String.IsEmpty(Window(Home).Property(custommenu))</visible>
                <animation effect="fade" start="0" end="100" time="1000" delay="1000" reversible="false">Visible</animation>
                <control type="button" id="401" description="Alt chooser">
                    <width>100%</width>
                    <height>66</height>
                    <texturenofocus colordiffuse="Black12" border="5">common/box.png</texturenofocus>
                    <align>left</align>
                    <include>DefDialogButtonsGradient</include>
                </control>
                <control type="button" id="307" description="Custom">
                    <width>100%</width>
                    <height>66</height>
                    <label>31267</label>
                    <label2>$INFO[Container(211).ListItem.Property(Path)]</label2>
                    <texturenofocus colordiffuse="Black12" border="5">common/box.png</texturenofocus>
                    <align>left</align>
                    <include>DefDialogButtonsGradient</include>
                </control>
                <control type="button" id="305" description="Set Label">
                    <width>100%</width>
                    <height>66</height>
                    <label>31268</label>
                    <label2>$INFO[Container(211).ListItem.Label]</label2>
                    <texturenofocus colordiffuse="Black12" border="5">common/box.png</texturenofocus>
                    <align>left</align>
                    <include>DefDialogButtonsGradient</include>
                </control>
                <control type="button" id="310" description="Background">
                    <width>100%</width>
                    <height>66</height>
                    <label>31110</label>
                    <label2>$INFO[Container(211).ListItem.Property(background)]</label2>
                    <texturenofocus colordiffuse="Black12" border="5">common/box.png</texturenofocus>
                    <align>left</align>
                    <include>DefDialogButtonsGradient</include>
                </control>
                <control type="button" id="308" description="Reset">
                    <width>100%</width>
                    <height>66</height>
                    <texturenofocus colordiffuse="Black12" border="5">common/box.png</texturenofocus>
                    <align>left</align>
                    <include>DefDialogButtonsGradient</include>
                </control>
            </control>

            <!-- Widget 1 -->
            <control type="grouplist" id="9300">
                <onleft>ClearProperty(skinshortcuts-Widget,Home)</onleft>
                <onleft>SetFocus(7011)</onleft>
                <onright>ClearProperty(skinshortcuts-Widget,Home)</onright>
                <onright>SetFocus(7011)</onright>
                <onback>ClearProperty(skinshortcuts-Widget,Home)</onback>
                <onup>9300</onup>
                <ondown>9300</ondown>
                <right>15</right>
                <bottom>15</bottom>
                <width>905</width>
                <height>549</height>
                <orientation>vertical</orientation>
                <itemgap>3</itemgap>
                <scrolltime>0</scrolltime>
                <visible>String.IsEqual(Window(Home).Property(skinshortcuts-Widget),1)</visible>
                <control type="button" id="9451" description="Widget">
                    <width>100%</width>
                    <height>66</height>
                    <label>$LOCALIZE[31266] 1</label>
                    <label2>$VAR[LabelWidgetShortcutsName]</label2>
                    <visible>String.IsEqual(Window.Property(groupname),mainmenu)</visible>
                    <texturenofocus colordiffuse="Black12" border="5">common/box.png</texturenofocus>
                    <align>left</align>
                    <include>DefDialogButtonsGradient</include>
                    <visible allowhiddenfocus="true">String.IsEqual(Window(Home).Property(skinshortcuts-Widget),1)</visible>
                    <onclick>SendClick(312)</onclick>
                </control>
                <control type="button" id="406" description="Set Custom">
                    <width>100%</width>
                    <height>66</height>
                    <label>$LOCALIZE[31297]$LOCALIZE[31474]</label>
                    <texturenofocus colordiffuse="Black12" border="5">common/box.png</texturenofocus>
                    <align>left</align>
                    <include>DefDialogButtonsGradient</include>
                    <visible>String.IsEqual(Window(Home).Property(skinshortcuts-Widget),1) + String.IsEqual(Container(211).ListItem.Property(widget),custom)</visible>
                    <onclick>SetProperty(Backg,yes,Home)</onclick>
                    <onclick>SetProperty(custommenu,yes,Home)</onclick>
                </control>
                <control type="radiobutton" id="10030" description="Widget Fullscreen">
                    <radioposx>845</radioposx>
                    <selected>String.IsEqual(Container(211).ListItem.Property(widgetFullscreen),yes) | Skin.HasSetting(homemenu.netflix)</selected>
                    <width>100%</width>
                    <height>66</height>
                    <label>$LOCALIZE[31411]</label>
                    <visible>String.IsEqual(Window.Property(groupname),mainmenu)</visible>
                    <texturenofocus colordiffuse="Black12" border="5">common/box.png</texturenofocus>
                    <align>left</align>
                    <include>DefDialogButtonsGradient</include>
                    <onclick>SetProperty(customProperty,widgetFullscreen)</onclick>
                    <onclick condition="!String.IsEqual(Container(211).ListItem.Property(widgetFullscreen),yes)">SetProperty(customValue,yes)</onclick>
                    <onclick condition="String.IsEqual(Container(211).ListItem.Property(widgetFullscreen),yes)">SetProperty(customValue,)</onclick>
                    <onclick>SendClick(404)</onclick>
                    <enable>[ $EXP[HomeIsModernMultiWidgets] | $EXP[HomeIsVerticalMultiWidgets] ] + !String.IsEqual(Container(211).ListItem.Property(widget),mysubmenu) + !Skin.HasSetting(homemenu.netflix)</enable>
                </control>
                <control type="button" id="9401" description="Widget Aspect">
                    <width>100%</width>
                    <height>66</height>
                    <label>31261</label>
                    <label2>$VAR[LabelWidgetType]</label2>
                    <visible>String.IsEqual(Window.Property(groupname),mainmenu)</visible>
                    <texturenofocus colordiffuse="Black12" border="5">common/box.png</texturenofocus>
                    <align>left</align>
                    <include>DefDialogButtonsGradient</include>
                    <enable>!String.IsEqual(Container(211).ListItem.Property(widgettarget),system) + !String.IsEqual(Container(211).ListItem.Property(widget),epg) + !Skin.HasSetting(homemenu.clean.flix)</enable>
                </control>
                <control type="radiobutton" id="9411" description="Widget ClearLogo">
                    <radioposx>845</radioposx>
                    <selected>!String.IsEqual(Container(211).ListItem.Property(widgetClearLogoThumb),no)</selected>
                    <width>100%</width>
                    <height>66</height>
                    <label>$LOCALIZE[31297]$LOCALIZE[31330]</label>
                    <visible>String.IsEqual(Window.Property(groupname),mainmenu)</visible>
                    <texturenofocus colordiffuse="Black12" border="5">common/box.png</texturenofocus>
                    <align>left</align>
                    <include>DefDialogButtonsGradient</include>
                    <visible>String.IsEqual(Container(211).ListItem.Property(widgetaspect),Thumbnail) | String.IsEqual(Container(211).ListItem.Property(widgetaspect),ThumbnailSmall)</visible>
                    <onclick>SetProperty(customProperty,widgetClearLogoThumb)</onclick>
                    <onclick condition="!String.IsEqual(Container(211).ListItem.Property(widgetClearLogoThumb),no)">SetProperty(customValue,no)</onclick>
                    <onclick condition="String.IsEqual(Container(211).ListItem.Property(widgetClearLogoThumb),no)">SetProperty(customValue,)</onclick>
                    <onclick>SendClick(404)</onclick>
                    <visible>!String.IsEqual(Container(211).ListItem.Property(widget),epg)</visible>
                </control>
                <control type="button" id="10001" description="Widget Aspect Ratio">
                    <width>100%</width>
                    <height>66</height>
                    <label>$LOCALIZE[31297]$LOCALIZE[31401]</label>
                    <label2>$VAR[LabelAspectRatio]</label2>
                    <visible>String.IsEqual(Window.Property(groupname),mainmenu)</visible>
                    <texturenofocus colordiffuse="Black12" border="5">common/box.png</texturenofocus>
                    <align>left</align>
                    <include>DefDialogButtonsGradient</include>
                    <visible>String.IsEqual(Container(211).ListItem.Property(widgetaspect),Square) | String.IsEqual(Container(211).ListItem.Property(widgetaspect),SquareMedium)</visible>
                    <enable>$EXP[HomeIsModernMultiWidgets] | $EXP[HomeIsVerticalMultiWidgets] | $EXP[HomeIsVertical]</enable>
                    <visible>!String.IsEqual(Container(211).ListItem.Property(widget),epg) + !Skin.HasSetting(homemenu.clean.flix)</visible>
                </control>
                <control type="button" id="10301" description="Widget Edge Distance">
                    <width>100%</width>
                    <height>66</height>
                    <label>$LOCALIZE[31297]$LOCALIZE[31453]</label>
                    <label2>$VAR[LabelEdgeDistance]</label2>
                    <visible>String.IsEqual(Window.Property(groupname),mainmenu)</visible>
                    <texturenofocus colordiffuse="Black12" border="5">common/box.png</texturenofocus>
                    <align>left</align>
                    <include>DefDialogButtonsGradient</include>
                    <visible>String.IsEqual(Container(211).ListItem.Property(widgetaspect),Square) | String.IsEqual(Container(211).ListItem.Property(widgetaspect),SquareSmall) | String.IsEqual(Container(211).ListItem.Property(widgetaspect),SquareMedium)</visible>
                    <visible>!String.Contains(Container(211).ListItem.Property(widget),weather) + !String.IsEqual(Container(211).ListItem.Property(widget),system)</visible>
                    <enable>$EXP[HomeIsModernMultiWidgets] | $EXP[HomeIsVerticalMultiWidgets] | $EXP[HomeIsVertical]</enable>
                    <visible>!String.IsEqual(Container(211).ListItem.Property(widget),epg) + !Skin.HasSetting(homemenu.clean.flix)</visible>
                </control>
                <control type="button" id="9402" description="Widget SortBy">
                    <width>100%</width>
                    <height>66</height>
                    <label>581</label>
                    <label2>$VAR[LabelSortBy]</label2>
                    <visible>String.IsEqual(Window.Property(groupname),mainmenu)</visible>
                    <texturenofocus colordiffuse="Black12" border="5">common/box.png</texturenofocus>
                    <align>left</align>
                    <include>DefDialogButtonsGradient</include>
                </control>
                <control type="button" id="9403">
                    <description>Change widget 1 sort order</description>
                    <width>100%</width>
                    <height>66</height>
                    <include>DefDialogButtonsGradient</include>
                    <visible>String.IsEqual(Window.Property(groupname),mainmenu)</visible>
                    <texturenofocus colordiffuse="Black12" border="5">common/box.png</texturenofocus>
                    <align>left</align>
                    <label>580</label>
                    <label2>$VAR[LabelSort]</label2>
                </control>
                <control type="button" id="4196">
                    <description>Enable</description>
                    <width>100%</width>
                    <height>66</height>
                    <include>DefDialogButtonsGradient</include>
                    <visible>String.IsEqual(Window.Property(groupname),mainmenu)</visible>
                    <texturenofocus colordiffuse="Black12" border="5">common/box.png</texturenofocus>
                    <align>left</align>
                    <label>$LOCALIZE[31340]</label>
                    <label2>$VAR[AutoScrollTime1]</label2>
                    <visible>!$EXP[HomeIsModern] + !$EXP[HomeIsSpotlight]</visible>
                </control>
                <control type="radiobutton" id="9404">
                    <description>Show Banner?</description>
                    <radioposx>845</radioposx>
                    <selected>String.IsEqual(Container(211).ListItem.Property(widgetBanner),yes)</selected>
                    <width>100%</width>
                    <height>66</height>
                    <include>DefDialogButtonsGradient</include>
                    <visible>String.IsEqual(Window.Property(groupname),mainmenu)</visible>
                    <texturenofocus colordiffuse="Black12" border="5">common/box.png</texturenofocus>
                    <align>left</align>
                    <enable>Skin.HasSetting(home.vertical)</enable>
                    <label>31235</label>
                    <visible>$EXP[HomeIsVertical]</visible>
                </control>
                <control type="button" id="41911" description="ListType">
                    <width>100%</width>
                    <height>66</height>
                    <label>$LOCALIZE[31341]</label>
                    <label2>$VAR[LabelwidgetListType]</label2>
                    <texturenofocus colordiffuse="Black12" border="5">common/box.png</texturenofocus>
                    <align>left</align>
                    <include>DefDialogButtonsGradient</include>
                    <visible>String.IsEqual(Window.Property(groupname),mainmenu)</visible>
                    <visible>!$EXP[HomeIsVertical] + !$EXP[HomeIsCleanMinimal] + !$EXP[HomeIsSpotlight] + !$EXP[HomeIsModern]</visible>
                </control>
            </control>

            <!-- Widget 2 -->
            <control type="grouplist" id="9400">
                <onleft>ClearProperty(skinshortcuts-Widget,Home)</onleft>
                <onleft>SetFocus(7012)</onleft>
                <onright>ClearProperty(skinshortcuts-Widget,Home)</onright>
                <onright>SetFocus(7012)</onright>
                <onback>ClearProperty(skinshortcuts-Widget,Home)</onback>
                <onup>9400</onup>
                <ondown>9400</ondown>
                <right>15</right>
                <bottom>15</bottom>
                <width>905</width>
                <height>549</height>
                <orientation>vertical</orientation>
                <itemgap>3</itemgap>
                <scrolltime>0</scrolltime>
                <visible>String.IsEqual(Window(Home).Property(skinshortcuts-Widget),2)</visible>
                <control type="button" id="4197">
                    <description>Enable</description>
                    <width>100%</width>
                    <height>66</height>
                    <include>DefDialogButtonsGradient</include>
                    <visible>String.IsEqual(Window.Property(groupname),mainmenu)</visible>
                    <texturenofocus colordiffuse="Black12" border="5">common/box.png</texturenofocus>
                    <align>left</align>
                    <enable>Skin.HasSetting(home.vertical.widgets)</enable>
                    <label>126</label>
                    <label2>$VAR[Enable2]</label2>
                    <visible allowhiddenfocus="true">String.IsEqual(Window(Home).Property(skinshortcuts-Widget),2)</visible>
                    <onclick condition="String.IsEmpty(Container(211).ListItem.Property(widgetEnable.2)) | String.IsEqual(Container(211).ListItem.Property(widgetEnable.2),no)">SetProperty(customProperty,widgetEnable.2)</onclick>
                    <onclick condition="String.IsEmpty(Container(211).ListItem.Property(widgetEnable.2)) | String.IsEqual(Container(211).ListItem.Property(widgetEnable.2),no)">SetProperty(customValue,yes)</onclick>
                    <onclick condition="String.IsEqual(Container(211).ListItem.Property(widgetEnable.2),yes)">SetProperty(customProperty,widgetEnable.2)</onclick>
                    <onclick condition="String.IsEqual(Container(211).ListItem.Property(widgetEnable.2),yes)">SetProperty(customValue,)</onclick>
                    <onclick>SendClick(404)</onclick>
                </control>
                <control type="button" id="9345" description="Widget">
                    <width>100%</width>
                    <height>66</height>
                    <label>$LOCALIZE[31266] 2</label>
                    <label2>$VAR[LabelWidgetShortcutsName2]</label2>
                    <onclick>SetProperty(widgetID,2)</onclick>
                    <visible>String.IsEqual(Window.Property(groupname),mainmenu)</visible>
                    <texturenofocus colordiffuse="Black12" border="5">common/box.png</texturenofocus>
                    <align>left</align>
                    <include>DefDialogButtonsGradient</include>
                    <onclick>SendClick(312)</onclick>
                </control>
                <control type="button" id="407" description="Set Custom">
                    <width>100%</width>
                    <height>66</height>
                    <label>$LOCALIZE[31297]$LOCALIZE[31474]</label>
                    <texturenofocus colordiffuse="Black12" border="5">common/box.png</texturenofocus>
                    <align>left</align>
                    <animation effect="fade" start="100" end="50" time="0" condition="!String.IsEqual(Container(211).ListItem.Property(widgetEnable.2),yes)">Conditional</animation>
                    <include>DefDialogButtonsGradient</include>
                    <visible>String.IsEqual(Window(Home).Property(skinshortcuts-Widget),2) + String.IsEqual(Container(211).ListItem.Property(widget.2),custom)</visible>
                    <onclick>SetProperty(Backg,yes,Home)</onclick>
                    <onclick>SetProperty(custommenu,yes,Home)</onclick>
                </control>
                <control type="radiobutton" id="10031" description="Widget Fullscreen">
                    <radioposx>845</radioposx>
                    <selected>String.IsEqual(Container(211).ListItem.Property(widgetFullscreen.2),yes) | Skin.HasSetting(homemenu.netflix)</selected>
                    <width>100%</width>
                    <height>66</height>
                    <label>$LOCALIZE[31411]</label>
                    <visible>String.IsEqual(Window.Property(groupname),mainmenu)</visible>
                    <texturenofocus colordiffuse="Black12" border="5">common/box.png</texturenofocus>
                    <align>left</align>
                    <onclick>SetProperty(customProperty,widgetFullscreen.2)</onclick>
                    <onclick condition="!String.IsEqual(Container(211).ListItem.Property(widgetFullscreen.2),yes)">SetProperty(customValue,yes)</onclick>
                    <onclick condition="String.IsEqual(Container(211).ListItem.Property(widgetFullscreen.2),yes)">SetProperty(customValue,)</onclick>
                    <onclick>SendClick(404)</onclick>
                    <enable>[ $EXP[HomeIsModernMultiWidgets] | $EXP[HomeIsVerticalMultiWidgets] ] + !Skin.HasSetting(homemenu.netflix)</enable>
                    <include>DefDialogButtonsGradient</include>
                </control>
                <control type="button" id="9521" description="Widget Aspect">
                    <width>100%</width>
                    <height>66</height>
                    <label>31261</label>
                    <label2>$VAR[LabelWidgetType2]</label2>
                    <visible>String.IsEqual(Window.Property(groupname),mainmenu)</visible>
                    <texturenofocus colordiffuse="Black12" border="5">common/box.png</texturenofocus>
                    <align>left</align>
                    <include>DefDialogButtonsGradient</include>
                    <enable>!String.IsEqual(Container(211).ListItem.Property(widgettarget.2),system) + !String.IsEqual(Container(211).ListItem.Property(widget.2),epg) + !Skin.HasSetting(homemenu.clean.flix)</enable>
                </control>
                <control type="radiobutton" id="9412" description="Widget ClearLogo">
                    <radioposx>845</radioposx>
                    <selected>!String.IsEqual(Container(211).ListItem.Property(widgetClearLogoThumb.2),no)</selected>
                    <width>100%</width>
                    <height>66</height>
                    <label>$LOCALIZE[31297]$LOCALIZE[31330]</label>
                    <visible>String.IsEqual(Window.Property(groupname),mainmenu)</visible>
                    <texturenofocus colordiffuse="Black12" border="5">common/box.png</texturenofocus>
                    <align>left</align>
                    <include>DefDialogButtonsGradient</include>
                    <visible>String.IsEqual(Container(211).ListItem.Property(widgetaspect.2),Thumbnail) | String.IsEqual(Container(211).ListItem.Property(widgetaspect.2),ThumbnailSmall)</visible>
                    <onclick>SetProperty(customProperty,widgetClearLogoThumb.2)</onclick>
                    <onclick condition="!String.IsEqual(Container(211).ListItem.Property(widgetClearLogoThumb.2),no)">SetProperty(customValue,no)</onclick>
                    <onclick condition="String.IsEqual(Container(211).ListItem.Property(widgetClearLogoThumb.2),no)">SetProperty(customValue,)</onclick>
                    <onclick>SendClick(404)</onclick>
                    <visible>!String.IsEqual(Container(211).ListItem.Property(widget.2),epg)</visible>
                </control>
                <control type="button" id="10002" description="Widget Aspect Ratio">
                    <width>100%</width>
                    <height>66</height>
                    <label>$LOCALIZE[31297]$LOCALIZE[31401]</label>
                    <label2>$VAR[LabelAspectRatio2]</label2>
                    <visible>String.IsEqual(Window.Property(groupname),mainmenu)</visible>
                    <texturenofocus colordiffuse="Black12" border="5">common/box.png</texturenofocus>
                    <align>left</align>
                    <include>DefDialogButtonsGradient</include>
                    <visible>String.IsEqual(Container(211).ListItem.Property(widgetaspect.2),Square)</visible>
                    <enable>!String.IsEqual(Container(211).ListItem.Property(widget.2),mysubmenu)</enable>
                    <visible>!String.IsEqual(Container(211).ListItem.Property(widget.2),epg) + !Skin.HasSetting(homemenu.clean.flix)</visible>
                </control>
                <control type="button" id="10302" description="Widget Edge Distance">
                    <width>100%</width>
                    <height>66</height>
                    <label>$LOCALIZE[31297]$LOCALIZE[31453]</label>
                    <label2>$VAR[LabelEdgeDistance2]</label2>
                    <visible>String.IsEqual(Window.Property(groupname),mainmenu)</visible>
                    <texturenofocus colordiffuse="Black12" border="5">common/box.png</texturenofocus>
                    <align>left</align>
                    <include>DefDialogButtonsGradient</include>
                    <visible>String.IsEqual(Container(211).ListItem.Property(widgetaspect.2),Square)</visible>
                    <visible>!String.IsEqual(Container(211).ListItem.Property(widget.2),mysubmenu) + !String.Contains(Container(211).ListItem.Property(widget.2),weather) + !String.IsEqual(Container(211).ListItem.Property(widget.2),system)</visible>
                    <visible>!String.IsEqual(Container(211).ListItem.Property(widget.2),epg) + !Skin.HasSetting(homemenu.clean.flix)</visible>
                </control>
                <control type="button" id="9792" description="Widget SortBy">
                    <width>100%</width>
                    <height>66</height>
                    <label>581</label>
                    <label2>$VAR[LabelSortBy2]</label2>
                    <visible>String.IsEqual(Window.Property(groupname),mainmenu)</visible>
                    <texturenofocus colordiffuse="Black12" border="5">common/box.png</texturenofocus>
                    <align>left</align>
                    <include>DefDialogButtonsGradient</include>
                </control>
                <control type="button" id="9793">
                    <description>Change widget 1 sort order</description>
                    <width>100%</width>
                    <height>66</height>
                    <include>DefDialogButtonsGradient</include>
                    <visible>String.IsEqual(Window.Property(groupname),mainmenu)</visible>
                    <texturenofocus colordiffuse="Black12" border="5">common/box.png</texturenofocus>
                    <align>left</align>
                    <label>580</label>
                    <label2>$VAR[LabelSort2]</label2>
                </control>
                <control type="button" id="4195">
                    <width>100%</width>
                    <height>66</height>
                    <include>DefDialogButtonsGradient</include>
                    <visible>String.IsEqual(Window.Property(groupname),mainmenu)</visible>
                    <texturenofocus colordiffuse="Black12" border="5">common/box.png</texturenofocus>
                    <align>left</align>
                    <enable>[Skin.HasSetting(home.vertical.widgets) | [Skin.HasSetting(home.modernwidgets)  + Skin.HasSetting(home.vertical.widgets)]] + !String.IsEqual(Container(211).ListItem.Property(widgetListType.2),list)</enable>
                    <label>$LOCALIZE[31340]</label>
                    <label2>$VAR[AutoScrollTime2]</label2>
                </control>
                <control type="button" id="41912" description="ListType">
                    <width>100%</width>
                    <height>66</height>
                    <label>$LOCALIZE[31341]</label>
                    <label2>$VAR[LabelwidgetListType.2]</label2>
                    <texturenofocus colordiffuse="Black12" border="5">common/box.png</texturenofocus>
                    <align>left</align>
                    <include>DefDialogButtonsGradient</include>
                    <visible>String.IsEqual(Window.Property(groupname),mainmenu) + !$EXP[HomeIsCleanMinimal] + !$EXP[HomeIsSpotlight] + !$EXP[HomeIsModern]</visible>
                </control>
            </control>

            <!-- Widget 3 -->
            <control type="grouplist" id="9500">
                <onleft>ClearProperty(skinshortcuts-Widget,Home)</onleft>
                <onleft>SetFocus(7013)</onleft>
                <onright>ClearProperty(skinshortcuts-Widget,Home)</onright>
                <onright>SetFocus(7013)</onright>
                <onback>ClearProperty(skinshortcuts-Widget,Home)</onback>
                <onup>9500</onup>
                <ondown>9500</ondown>
                <right>15</right>
                <bottom>15</bottom>
                <width>905</width>
                <height>549</height>
                <orientation>vertical</orientation>
                <itemgap>3</itemgap>
                <scrolltime>0</scrolltime>
                <visible>String.IsEqual(Window(Home).Property(skinshortcuts-Widget),3)</visible>
                <control type="button" id="4198">
                    <description>Enable</description>
                    <width>100%</width>
                    <height>66</height>
                    <include>DefDialogButtonsGradient</include>
                    <visible>String.IsEqual(Window.Property(groupname),mainmenu)</visible>
                    <texturenofocus colordiffuse="Black12" border="5">common/box.png</texturenofocus>
                    <align>left</align>
                    <label>126</label>
                    <label2>$VAR[Enable3]</label2>
                    <visible allowhiddenfocus="true">String.IsEqual(Window(Home).Property(skinshortcuts-Widget),3)</visible>
                    <onclick condition="String.IsEmpty(Container(211).ListItem.Property(widgetEnable.3)) | String.IsEqual(Container(211).ListItem.Property(widgetEnable.3),no)">SetProperty(customProperty,widgetEnable.3)</onclick>
                    <onclick condition="String.IsEmpty(Container(211).ListItem.Property(widgetEnable.3)) | String.IsEqual(Container(211).ListItem.Property(widgetEnable.3),no)">SetProperty(customValue,yes)</onclick>
                    <onclick condition="String.IsEqual(Container(211).ListItem.Property(widgetEnable.3),yes)">SetProperty(customProperty,widgetEnable.3)</onclick>
                    <onclick condition="String.IsEqual(Container(211).ListItem.Property(widgetEnable.3),yes)">SetProperty(customValue,)</onclick>
                    <onclick>SendClick(404)</onclick>
                </control>
                <control type="button" id="9346" description="Widget">
                    <width>100%</width>
                    <height>66</height>
                    <label>$LOCALIZE[31266] 3</label>
                    <label2>$VAR[LabelWidgetShortcutsName3]</label2>
                    <onclick>SetProperty(widgetID,3)</onclick>
                    <visible>String.IsEqual(Window.Property(groupname),mainmenu)</visible>
                    <texturenofocus colordiffuse="Black12" border="5">common/box.png</texturenofocus>
                    <align>left</align>
                    <include>DefDialogButtonsGradient</include>
                    <onclick>SendClick(312)</onclick>
                </control>
                <control type="button" id="408" description="Set Custom">
                    <width>100%</width>
                    <height>66</height>
                    <label>$LOCALIZE[31297]$LOCALIZE[31474]</label>
                    <texturenofocus colordiffuse="Black12" border="5">common/box.png</texturenofocus>
                    <align>left</align>
                    <animation effect="fade" start="100" end="50" time="0" condition="!String.IsEqual(Container(211).ListItem.Property(widgetEnable.3),yes)">Conditional</animation>
                    <include>DefDialogButtonsGradient</include>
                    <visible>String.IsEqual(Window(Home).Property(skinshortcuts-Widget),3) + String.IsEqual(Container(211).ListItem.Property(widget.3),custom)</visible>
                    <onclick>SetProperty(Backg,yes,Home)</onclick>
                    <onclick>SetProperty(custommenu,yes,Home)</onclick>
                </control>
                <control type="radiobutton" id="10032" description="Widget Fullscreen">
                    <radioposx>845</radioposx>
                    <selected>String.IsEqual(Container(211).ListItem.Property(widgetFullscreen.3),yes) | Skin.HasSetting(homemenu.netflix)</selected>
                    <width>100%</width>
                    <height>66</height>
                    <label>$LOCALIZE[31411]</label>
                    <visible>String.IsEqual(Window.Property(groupname),mainmenu)</visible>
                    <texturenofocus colordiffuse="Black12" border="5">common/box.png</texturenofocus>
                    <align>left</align>
                    <onclick>SetProperty(customProperty,widgetFullscreen.3)</onclick>
                    <onclick condition="!String.IsEqual(Container(211).ListItem.Property(widgetFullscreen.3),yes)">SetProperty(customValue,yes)</onclick>
                    <onclick condition="String.IsEqual(Container(211).ListItem.Property(widgetFullscreen.3),yes)">SetProperty(customValue,)</onclick>
                    <onclick>SendClick(404)</onclick>
                    <include>DefDialogButtonsGradient</include>
                    <enable>[ $EXP[HomeIsModernMultiWidgets] | $EXP[HomeIsVerticalMultiWidgets] ] + !Skin.HasSetting(homemenu.netflix)</enable>
                </control>
                <control type="button" id="9621" description="Widget Aspect">
                    <width>100%</width>
                    <height>66</height>
                    <label>31261</label>
                    <label2>$VAR[LabelWidgetType3]</label2>
                    <visible>String.IsEqual(Window.Property(groupname),mainmenu)</visible>
                    <texturenofocus colordiffuse="Black12" border="5">common/box.png</texturenofocus>
                    <align>left</align>
                    <include>DefDialogButtonsGradient</include>
                    <enable>!String.IsEqual(Container(211).ListItem.Property(widgettarget.3),system) + !String.IsEqual(Container(211).ListItem.Property(widget.3),epg) + !Skin.HasSetting(homemenu.clean.flix)</enable>
                </control>
                <control type="radiobutton" id="9413" description="Widget ClearLogo">
                    <radioposx>845</radioposx>
                    <selected>!String.IsEqual(Container(211).ListItem.Property(widgetClearLogoThumb.3),no)</selected>
                    <width>100%</width>
                    <height>66</height>
                    <label>$LOCALIZE[31297]$LOCALIZE[31330]</label>
                    <visible>String.IsEqual(Window.Property(groupname),mainmenu)</visible>
                    <texturenofocus colordiffuse="Black12" border="5">common/box.png</texturenofocus>
                    <align>left</align>
                    <include>DefDialogButtonsGradient</include>
                    <visible>String.IsEqual(Container(211).ListItem.Property(widgetaspect.3),Thumbnail) | String.IsEqual(Container(211).ListItem.Property(widgetaspect.3),ThumbnailSmall)</visible>
                    <onclick>SetProperty(customProperty,widgetClearLogoThumb.3)</onclick>
                    <onclick condition="!String.IsEqual(Container(211).ListItem.Property(widgetClearLogoThumb.3),no)">SetProperty(customValue,no)</onclick>
                    <onclick condition="String.IsEqual(Container(211).ListItem.Property(widgetClearLogoThumb.3),no)">SetProperty(customValue,)</onclick>
                    <onclick>SendClick(404)</onclick>
                    <visible>!String.IsEqual(Container(211).ListItem.Property(widget.3),epg)</visible>
                </control>
                <control type="button" id="10003" description="Widget Aspect Ratio">
                    <width>100%</width>
                    <height>66</height>
                    <label>$LOCALIZE[31297]$LOCALIZE[31401]</label>
                    <label2>$VAR[LabelAspectRatio3]</label2>
                    <visible>String.IsEqual(Window.Property(groupname),mainmenu)</visible>
                    <texturenofocus colordiffuse="Black12" border="5">common/box.png</texturenofocus>
                    <align>left</align>
                    <include>DefDialogButtonsGradient</include>
                    <visible>String.IsEqual(Container(211).ListItem.Property(widgetaspect.3),Square)</visible>
                    <visible>!String.IsEqual(Container(211).ListItem.Property(widget.3),epg) + !Skin.HasSetting(homemenu.clean.flix)</visible>
                </control>
                <control type="button" id="10303" description="Widget Edge Distance">
                    <width>100%</width>
                    <height>66</height>
                    <label>$LOCALIZE[31297]$LOCALIZE[31453]</label>
                    <label2>$VAR[LabelEdgeDistance3]</label2>
                    <visible>String.IsEqual(Window.Property(groupname),mainmenu)</visible>
                    <texturenofocus colordiffuse="Black12" border="5">common/box.png</texturenofocus>
                    <align>left</align>
                    <include>DefDialogButtonsGradient</include>
                    <visible>String.IsEqual(Container(211).ListItem.Property(widgetaspect.3),Square)</visible>
                    <visible>!String.IsEqual(Container(211).ListItem.Property(widget.3),mysubmenu) + !String.Contains(Container(211).ListItem.Property(widget.3),weather) + !String.IsEqual(Container(211).ListItem.Property(widget.3),system)</visible>
                    <visible>!String.IsEqual(Container(211).ListItem.Property(widget.3),epg) + !Skin.HasSetting(homemenu.clean.flix)</visible>
                </control>
                <control type="button" id="9602" description="Widget SortBy">
                    <width>100%</width>
                    <height>66</height>
                    <label>581</label>
                    <label2>$VAR[LabelSortBy3]</label2>
                    <visible>String.IsEqual(Window.Property(groupname),mainmenu)</visible>
                    <texturenofocus colordiffuse="Black12" border="5">common/box.png</texturenofocus>
                    <align>left</align>
                    <include>DefDialogButtonsGradient</include>
                </control>
                <control type="button" id="9603">
                    <description>Change widget 1 sort order</description>
                    <width>100%</width>
                    <height>66</height>
                    <include>DefDialogButtonsGradient</include>
                    <visible>String.IsEqual(Window.Property(groupname),mainmenu)</visible>
                    <texturenofocus colordiffuse="Black12" border="5">common/box.png</texturenofocus>
                    <align>left</align>
                    <label>580</label>
                    <label2>$VAR[LabelSort3]</label2>
                </control>
                <control type="button" id="4194">
                    <description>Enable</description>
                    <width>100%</width>
                    <height>66</height>
                    <include>DefDialogButtonsGradient</include>
                    <visible>String.IsEqual(Window.Property(groupname),mainmenu)</visible>
                    <texturenofocus colordiffuse="Black12" border="5">common/box.png</texturenofocus>
                    <align>left</align>
                    <enable>[Skin.HasSetting(home.vertical.widgets) | [Skin.HasSetting(home.modernwidgets)  + Skin.HasSetting(home.vertical.widgets)]] + !String.IsEqual(Container(211).ListItem.Property(widgetListType.3),list)</enable>
                    <label>$LOCALIZE[31340]</label>
                    <label2>$VAR[AutoScrollTime3]</label2>
                    <visible>[Skin.HasSetting(home.vertical) + Skin.HasSetting(home.vertical.widgets)] | [Skin.HasSetting(home.modernwidgets)  + Skin.HasSetting(home.vertical.widgets)]</visible>
                </control>
                <control type="button" id="41913" description="ListType">
                    <width>100%</width>
                    <height>66</height>
                    <label>$LOCALIZE[31341]</label>
                    <label2>$VAR[LabelwidgetListType.3]</label2>
                    <texturenofocus colordiffuse="Black12" border="5">common/box.png</texturenofocus>
                    <align>left</align>
                    <include>DefDialogButtonsGradient</include>
                    <visible>String.IsEqual(Window.Property(groupname),mainmenu) + !$EXP[HomeIsCleanMinimal] + !$EXP[HomeIsSpotlight] + !$EXP[HomeIsModern]</visible>
                </control>
            </control>

            <!-- Widget 4 -->
            <control type="grouplist" id="9600">
                <onleft>ClearProperty(skinshortcuts-Widget,Home)</onleft>
                <onleft>SetFocus(7014)</onleft>
                <onright>ClearProperty(skinshortcuts-Widget,Home)</onright>
                <onright>SetFocus(7014)</onright>
                <onback>ClearProperty(skinshortcuts-Widget,Home)</onback>
                <onup>9600</onup>
                <ondown>9600</ondown>
                <right>15</right>
                <bottom>15</bottom>
                <width>905</width>
                <height>549</height>
                <orientation>vertical</orientation>
                <itemgap>3</itemgap>
                <scrolltime>0</scrolltime>
                <visible>String.IsEqual(Window(Home).Property(skinshortcuts-Widget),4)</visible>
                <control type="button" id="4199">
                    <description>Enable</description>
                    <width>100%</width>
                    <height>66</height>
                    <include>DefDialogButtonsGradient</include>
                    <visible>String.IsEqual(Window.Property(groupname),mainmenu)</visible>
                    <texturenofocus colordiffuse="Black12" border="5">common/box.png</texturenofocus>
                    <align>left</align>
                    <label>126</label>
                    <label2>$VAR[Enable4]</label2>
                    <visible allowhiddenfocus="true">String.IsEqual(Window(Home).Property(skinshortcuts-Widget),4)</visible>
                    <onclick condition="String.IsEmpty(Container(211).ListItem.Property(widgetEnable.4)) | String.IsEqual(Container(211).ListItem.Property(widgetEnable.4),no)">SetProperty(customProperty,widgetEnable.4)</onclick>
                    <onclick condition="String.IsEmpty(Container(211).ListItem.Property(widgetEnable.4)) | String.IsEqual(Container(211).ListItem.Property(widgetEnable.4),no)">SetProperty(customValue,yes)</onclick>
                    <onclick condition="String.IsEqual(Container(211).ListItem.Property(widgetEnable.4),yes)">SetProperty(customProperty,widgetEnable.4)</onclick>
                    <onclick condition="String.IsEqual(Container(211).ListItem.Property(widgetEnable.4),yes)">SetProperty(customValue,)</onclick>
                    <onclick>SendClick(404)</onclick>
                </control>
                <control type="button" id="9358" description="Widget">
                    <width>100%</width>
                    <height>66</height>
                    <label>$LOCALIZE[31266] 4</label>
                    <label2>$VAR[LabelWidgetShortcutsName4]</label2>
                    <onclick>SetProperty(widgetID,4)</onclick>
                    <visible>String.IsEqual(Window.Property(groupname),mainmenu)</visible>
                    <texturenofocus colordiffuse="Black12" border="5">common/box.png</texturenofocus>
                    <align>left</align>
                    <include>DefDialogButtonsGradient</include>
                    <onclick>SendClick(312)</onclick>
                </control>
                <control type="button" id="409" description="Set Custom">
                    <width>100%</width>
                    <height>66</height>
                    <label>$LOCALIZE[31297]$LOCALIZE[31474]</label>
                    <texturenofocus colordiffuse="Black12" border="5">common/box.png</texturenofocus>
                    <align>left</align>
                    <animation effect="fade" start="100" end="50" time="0" condition="!String.IsEqual(Container(211).ListItem.Property(widgetEnable.4),yes)">Conditional</animation>
                    <include>DefDialogButtonsGradient</include>
                    <visible>String.IsEqual(Window(Home).Property(skinshortcuts-Widget),4) + String.IsEqual(Container(211).ListItem.Property(widget.4),custom)</visible>
                    <onclick>SetProperty(Backg,yes,Home)</onclick>
                    <onclick>SetProperty(custommenu,yes,Home)</onclick>
                </control>
                <control type="radiobutton" id="10033" description="Widget Fullscreen">
                    <radioposx>845</radioposx>
                    <selected>String.IsEqual(Container(211).ListItem.Property(widgetFullscreen.4),yes) | Skin.HasSetting(homemenu.netflix)</selected>
                    <width>100%</width>
                    <height>66</height>
                    <label>$LOCALIZE[31411]</label>
                    <visible>String.IsEqual(Window.Property(groupname),mainmenu)</visible>
                    <texturenofocus colordiffuse="Black12" border="5">common/box.png</texturenofocus>
                    <align>left</align>
                    <onclick>SetProperty(customProperty,widgetFullscreen.4)</onclick>
                    <onclick condition="!String.IsEqual(Container(211).ListItem.Property(widgetFullscreen.4),yes)">SetProperty(customValue,yes)</onclick>
                    <onclick condition="String.IsEqual(Container(211).ListItem.Property(widgetFullscreen.4),yes)">SetProperty(customValue,)</onclick>
                    <onclick>SendClick(404)</onclick>
                    <include>DefDialogButtonsGradient</include>
                    <enable>[ $EXP[HomeIsModernMultiWidgets] | $EXP[HomeIsVerticalMultiWidgets] ] + !Skin.HasSetting(homemenu.netflix)</enable>
                </control>
                <control type="button" id="9721" description="Widget Aspect">
                    <width>100%</width>
                    <height>66</height>
                    <label>31261</label>
                    <label2>$VAR[LabelWidgetType4]</label2>
                    <visible>String.IsEqual(Window.Property(groupname),mainmenu)</visible>
                    <texturenofocus colordiffuse="Black12" border="5">common/box.png</texturenofocus>
                    <align>left</align>
                    <include>DefDialogButtonsGradient</include>
                    <enable>!String.IsEqual(Container(211).ListItem.Property(widgettarget.4),system) + !String.IsEqual(Container(211).ListItem.Property(widget.4),epg) + !Skin.HasSetting(homemenu.clean.flix)</enable>
                </control>
                <control type="radiobutton" id="9414" description="Widget ClearLogo">
                    <radioposx>845</radioposx>
                    <selected>!String.IsEqual(Container(211).ListItem.Property(widgetClearLogoThumb.4),no)</selected>
                    <width>100%</width>
                    <height>66</height>
                    <label>$LOCALIZE[31297]$LOCALIZE[31330]</label>
                    <visible>String.IsEqual(Window.Property(groupname),mainmenu)</visible>
                    <texturenofocus colordiffuse="Black12" border="5">common/box.png</texturenofocus>
                    <align>left</align>
                    <include>DefDialogButtonsGradient</include>
                    <visible>String.IsEqual(Container(211).ListItem.Property(widgetaspect.4),Thumbnail) | String.IsEqual(Container(211).ListItem.Property(widgetaspect.4),ThumbnailSmall)</visible>
                    <onclick>SetProperty(customProperty,widgetClearLogoThumb.4)</onclick>
                    <onclick condition="!String.IsEqual(Container(211).ListItem.Property(widgetClearLogoThumb.4),no)">SetProperty(customValue,no)</onclick>
                    <onclick condition="String.IsEqual(Container(211).ListItem.Property(widgetClearLogoThumb.4),no)">SetProperty(customValue,)</onclick>
                    <onclick>SendClick(404)</onclick>
                    <visible>!String.IsEqual(Container(211).ListItem.Property(widget.4),epg)</visible>
                </control>
                <control type="button" id="10004" description="Widget Aspect Ratio">
                    <width>100%</width>
                    <height>66</height>
                    <label>$LOCALIZE[31297]$LOCALIZE[31401]</label>
                    <label2>$VAR[LabelAspectRatio4]</label2>
                    <visible>String.IsEqual(Window.Property(groupname),mainmenu)</visible>
                    <texturenofocus colordiffuse="Black12" border="5">common/box.png</texturenofocus>
                    <align>left</align>
                    <include>DefDialogButtonsGradient</include>
                    <visible>String.IsEqual(Container(211).ListItem.Property(widgetaspect.4),Square)</visible>
                    <enable>!String.IsEqual(Container(211).ListItem.Property(widget.4),mysubmenu)</enable>
                    <visible>!String.IsEqual(Container(211).ListItem.Property(widget.4),epg) + !Skin.HasSetting(homemenu.clean.flix)</visible>
                </control>
                <control type="button" id="10304" description="Widget Edge Distance">
                    <width>100%</width>
                    <height>66</height>
                    <label>$LOCALIZE[31297]$LOCALIZE[31453]</label>
                    <label2>$VAR[LabelEdgeDistance4]</label2>
                    <visible>String.IsEqual(Window.Property(groupname),mainmenu)</visible>
                    <texturenofocus colordiffuse="Black12" border="5">common/box.png</texturenofocus>
                    <align>left</align>
                    <include>DefDialogButtonsGradient</include>
                    <visible>String.IsEqual(Container(211).ListItem.Property(widgetaspect.4),Square)</visible>
                    <visible>!String.IsEqual(Container(211).ListItem.Property(widget.4),mysubmenu) + !String.Contains(Container(211).ListItem.Property(widget.4),weather) + !String.IsEqual(Container(211).ListItem.Property(widget.4),system)</visible>
                    <visible>!String.IsEqual(Container(211).ListItem.Property(widget.4),epg) + !Skin.HasSetting(homemenu.clean.flix)</visible>
                </control>
                <control type="button" id="9702" description="Widget SortBy">
                    <width>100%</width>
                    <height>66</height>
                    <label>581</label>
                    <label2>$VAR[LabelSortBy4]</label2>
                    <visible>String.IsEqual(Window.Property(groupname),mainmenu)</visible>
                    <texturenofocus colordiffuse="Black12" border="5">common/box.png</texturenofocus>
                    <align>left</align>
                    <include>DefDialogButtonsGradient</include>
                </control>
                <control type="button" id="9703">
                    <description>Change widget 1 sort order</description>
                    <width>100%</width>
                    <height>66</height>
                    <include>DefDialogButtonsGradient</include>
                    <visible>String.IsEqual(Window.Property(groupname),mainmenu)</visible>
                    <texturenofocus colordiffuse="Black12" border="5">common/box.png</texturenofocus>
                    <align>left</align>
                    <label>580</label>
                    <label2>$VAR[LabelSort4]</label2>
                </control>
                <control type="button" id="4193">
                    <description>Enable</description>
                    <width>100%</width>
                    <height>66</height>
                    <include>DefDialogButtonsGradient</include>
                    <visible>String.IsEqual(Window.Property(groupname),mainmenu)</visible>
                    <texturenofocus colordiffuse="Black12" border="5">common/box.png</texturenofocus>
                    <align>left</align>
                    <enable>[Skin.HasSetting(home.vertical.widgets) | [Skin.HasSetting(home.modernwidgets)  + Skin.HasSetting(home.vertical.widgets)]] + !String.IsEqual(Container(211).ListItem.Property(widgetListType.4),list)</enable>
                    <label>$LOCALIZE[31340]</label>
                    <label2>$VAR[AutoScrollTime4]</label2>
                    <visible>[Skin.HasSetting(home.vertical) + Skin.HasSetting(home.vertical.widgets)] | [Skin.HasSetting(home.modernwidgets)  + Skin.HasSetting(home.vertical.widgets)]</visible>
                </control>
                <control type="button" id="41914" description="ListType">
                    <width>100%</width>
                    <height>66</height>
                    <label>$LOCALIZE[31341]</label>
                    <label2>$VAR[LabelwidgetListType.4]</label2>
                    <texturenofocus colordiffuse="Black12" border="5">common/box.png</texturenofocus>
                    <align>left</align>
                    <include>DefDialogButtonsGradient</include>
                    <visible>String.IsEqual(Window.Property(groupname),mainmenu) + !$EXP[HomeIsCleanMinimal] + !$EXP[HomeIsSpotlight] + !$EXP[HomeIsModern]</visible>
                </control>
            </control>

            <!-- Widget 5 -->
            <control type="grouplist" id="9700">
                <onleft>ClearProperty(skinshortcuts-Widget,Home)</onleft>
                <onleft>SetFocus(7015)</onleft>
                <onright>ClearProperty(skinshortcuts-Widget,Home)</onright>
                <onright>SetFocus(7015)</onright>
                <onback>ClearProperty(skinshortcuts-Widget,Home)</onback>
                <onup>9700</onup>
                <ondown>9700</ondown>
                <right>15</right>
                <bottom>15</bottom>
                <width>905</width>
                <height>549</height>
                <orientation>vertical</orientation>
                <itemgap>3</itemgap>
                <scrolltime>0</scrolltime>
                <visible>String.IsEqual(Window(Home).Property(skinshortcuts-Widget),5)</visible>
                <control type="button" id="4590">
                    <description>Enable</description>
                    <width>100%</width>
                    <height>66</height>
                    <include>DefDialogButtonsGradient</include>
                    <visible>String.IsEqual(Window.Property(groupname),mainmenu)</visible>
                    <texturenofocus colordiffuse="Black12" border="5">common/box.png</texturenofocus>
                    <align>left</align>
                    <label>126</label>
                    <label2>$VAR[Enable5]</label2>
                    <visible allowhiddenfocus="true">String.IsEqual(Window(Home).Property(skinshortcuts-Widget),5)</visible>
                    <onclick condition="String.IsEmpty(Container(211).ListItem.Property(widgetEnable.5)) | String.IsEqual(Container(211).ListItem.Property(widgetEnable.5),no)">SetProperty(customProperty,widgetEnable.5)</onclick>
                    <onclick condition="String.IsEmpty(Container(211).ListItem.Property(widgetEnable.5)) | String.IsEqual(Container(211).ListItem.Property(widgetEnable.5),no)">SetProperty(customValue,yes)</onclick>
                    <onclick condition="String.IsEqual(Container(211).ListItem.Property(widgetEnable.5),yes)">SetProperty(customProperty,widgetEnable.5)</onclick>
                    <onclick condition="String.IsEqual(Container(211).ListItem.Property(widgetEnable.5),yes)">SetProperty(customValue,)</onclick>
                    <onclick>SendClick(404)</onclick>
                </control>
                <control type="button" id="4591" description="Widget">
                    <width>100%</width>
                    <height>66</height>
                    <label>$LOCALIZE[31266] 5</label>
                    <label2>$VAR[LabelWidgetShortcutsName5]</label2>
                    <onclick>SetProperty(widgetID,5)</onclick>
                    <visible>String.IsEqual(Window.Property(groupname),mainmenu)</visible>
                    <texturenofocus colordiffuse="Black12" border="5">common/box.png</texturenofocus>
                    <align>left</align>
                    <include>DefDialogButtonsGradient</include>
                    <onclick>SendClick(312)</onclick>
                </control>
                <control type="button" id="410" description="Set Custom">
                    <width>100%</width>
                    <height>66</height>
                    <label>$LOCALIZE[31297]$LOCALIZE[31474]</label>
                    <texturenofocus colordiffuse="Black12" border="5">common/box.png</texturenofocus>
                    <align>left</align>
                    <animation effect="fade" start="100" end="50" time="0" condition="!String.IsEqual(Container(211).ListItem.Property(widgetEnable.5),yes)">Conditional</animation>
                    <include>DefDialogButtonsGradient</include>
                    <visible>String.IsEqual(Window(Home).Property(skinshortcuts-Widget),5) + String.IsEqual(Container(211).ListItem.Property(widget.5),custom)</visible>
                    <onclick>SetProperty(Backg,yes,Home)</onclick>
                    <onclick>SetProperty(custommenu,yes,Home)</onclick>
                </control>
                <control type="radiobutton" id="10034" description="Widget Fullscreen">
                    <radioposx>845</radioposx>
                    <selected>String.IsEqual(Container(211).ListItem.Property(widgetFullscreen.5),yes) | Skin.HasSetting(homemenu.netflix)</selected>
                    <width>100%</width>
                    <height>66</height>
                    <label>$LOCALIZE[31411]</label>
                    <visible>String.IsEqual(Window.Property(groupname),mainmenu)</visible>
                    <texturenofocus colordiffuse="Black12" border="5">common/box.png</texturenofocus>
                    <align>left</align>
                    <onclick>SetProperty(customProperty,widgetFullscreen.5)</onclick>
                    <onclick condition="!String.IsEqual(Container(211).ListItem.Property(widgetFullscreen.5),yes)">SetProperty(customValue,yes)</onclick>
                    <onclick condition="String.IsEqual(Container(211).ListItem.Property(widgetFullscreen.5),yes)">SetProperty(customValue,)</onclick>
                    <onclick>SendClick(404)</onclick>
                    <include>DefDialogButtonsGradient</include>
                    <enable>[ $EXP[HomeIsModernMultiWidgets] | $EXP[HomeIsVerticalMultiWidgets] ] + !Skin.HasSetting(homemenu.netflix)</enable>
                </control>
                <control type="button" id="9821" description="Widget Aspect">
                    <width>100%</width>
                    <height>66</height>
                    <label>31261</label>
                    <label2>$VAR[LabelWidgetType5]</label2>
                    <visible>String.IsEqual(Window.Property(groupname),mainmenu)</visible>
                    <texturenofocus colordiffuse="Black12" border="5">common/box.png</texturenofocus>
                    <align>left</align>
                    <include>DefDialogButtonsGradient</include>
                    <enable>!String.IsEqual(Container(211).ListItem.Property(widgettarget.5),system) + !String.IsEqual(Container(211).ListItem.Property(widget.5),epg) + !Skin.HasSetting(homemenu.clean.flix)</enable>
                </control>
                <control type="radiobutton" id="4592" description="Widget ClearLogo">
                    <radioposx>845</radioposx>
                    <selected>!String.IsEqual(Container(211).ListItem.Property(widgetClearLogoThumb.5),no)</selected>
                    <width>100%</width>
                    <height>66</height>
                    <label>$LOCALIZE[31297]$LOCALIZE[31330]</label>
                    <visible>String.IsEqual(Window.Property(groupname),mainmenu)</visible>
                    <texturenofocus colordiffuse="Black12" border="5">common/box.png</texturenofocus>
                    <align>left</align>
                    <include>DefDialogButtonsGradient</include>
                    <visible>String.IsEqual(Container(211).ListItem.Property(widgetaspect.5),Thumbnail) | String.IsEqual(Container(211).ListItem.Property(widgetaspect.5),ThumbnailSmall)</visible>
                    <onclick>SetProperty(customProperty,widgetClearLogoThumb.5)</onclick>
                    <onclick condition="!String.IsEqual(Container(211).ListItem.Property(widgetClearLogoThumb.5),no)">SetProperty(customValue,no)</onclick>
                    <onclick condition="String.IsEqual(Container(211).ListItem.Property(widgetClearLogoThumb.5),no)">SetProperty(customValue,)</onclick>
                    <onclick>SendClick(404)</onclick>
                    <visible>!String.IsEqual(Container(211).ListItem.Property(widget.5),epg)</visible>
                </control>
                <control type="button" id="10005" description="Widget Aspect Ratio">
                    <width>100%</width>
                    <height>66</height>
                    <label>$LOCALIZE[31297]$LOCALIZE[31401]</label>
                    <label2>$VAR[LabelAspectRatio5]</label2>
                    <visible>String.IsEqual(Window.Property(groupname),mainmenu)</visible>
                    <texturenofocus colordiffuse="Black12" border="5">common/box.png</texturenofocus>
                    <align>left</align>
                    <include>DefDialogButtonsGradient</include>
                    <visible>String.IsEqual(Container(211).ListItem.Property(widgetaspect.5),Square)</visible>
                    <enable>!String.IsEqual(Container(211).ListItem.Property(widget.5),mysubmenu)</enable>
                    <visible>!String.IsEqual(Container(211).ListItem.Property(widget.5),epg) + !Skin.HasSetting(homemenu.clean.flix)</visible>
                </control>
                <control type="button" id="10305" description="Widget Edge Distance">
                    <width>100%</width>
                    <height>66</height>
                    <label>$LOCALIZE[31297]$LOCALIZE[31453]</label>
                    <label2>$VAR[LabelEdgeDistance5]</label2>
                    <visible>String.IsEqual(Window.Property(groupname),mainmenu)</visible>
                    <texturenofocus colordiffuse="Black12" border="5">common/box.png</texturenofocus>
                    <align>left</align>
                    <include>DefDialogButtonsGradient</include>
                    <visible>String.IsEqual(Container(211).ListItem.Property(widgetaspect.5),Square)</visible>
                    <visible>!String.IsEqual(Container(211).ListItem.Property(widget.5),mysubmenu) + !String.Contains(Container(211).ListItem.Property(widget.5),weather) + !String.IsEqual(Container(211).ListItem.Property(widget.5),system)</visible>
                    <visible>!String.IsEqual(Container(211).ListItem.Property(widget.5),epg) + !Skin.HasSetting(homemenu.clean.flix)</visible>
                </control>
                <control type="button" id="9802" description="Widget SortBy">
                    <width>100%</width>
                    <height>66</height>
                    <label>581</label>
                    <label2>$VAR[LabelSortBy5]</label2>
                    <visible>String.IsEqual(Window.Property(groupname),mainmenu)</visible>
                    <texturenofocus colordiffuse="Black12" border="5">common/box.png</texturenofocus>
                    <align>left</align>
                    <include>DefDialogButtonsGradient</include>
                </control>
                <control type="button" id="9803">
                    <description>Change widget 1 sort order</description>
                    <width>100%</width>
                    <height>66</height>
                    <include>DefDialogButtonsGradient</include>
                    <visible>String.IsEqual(Window.Property(groupname),mainmenu)</visible>
                    <texturenofocus colordiffuse="Black12" border="5">common/box.png</texturenofocus>
                    <align>left</align>
                    <label>580</label>
                    <label2>$VAR[LabelSort5]</label2>
                </control>
                <control type="button" id="4593">
                    <description>Enable</description>
                    <width>100%</width>
                    <height>66</height>
                    <include>DefDialogButtonsGradient</include>
                    <visible>String.IsEqual(Window.Property(groupname),mainmenu)</visible>
                    <texturenofocus colordiffuse="Black12" border="5">common/box.png</texturenofocus>
                    <align>left</align>
                    <enable>[Skin.HasSetting(home.vertical.widgets) | [Skin.HasSetting(home.modernwidgets)  + Skin.HasSetting(home.vertical.widgets)]] + !String.IsEqual(Container(211).ListItem.Property(widgetListType.5),list)</enable>
                    <label>$LOCALIZE[31340]</label>
                    <label2>$VAR[AutoScrollTime5]</label2>
                    <visible>[Skin.HasSetting(home.vertical) + Skin.HasSetting(home.vertical.widgets)] | [Skin.HasSetting(home.modernwidgets)  + Skin.HasSetting(home.vertical.widgets)]</visible>
                </control>
                <control type="button" id="41915" description="ListType">
                    <width>100%</width>
                    <height>66</height>
                    <label>$LOCALIZE[31341]</label>
                    <label2>$VAR[LabelwidgetListType.5]</label2>
                    <texturenofocus colordiffuse="Black12" border="5">common/box.png</texturenofocus>
                    <align>left</align>
                    <include>DefDialogButtonsGradient</include>
                    <visible>String.IsEqual(Window.Property(groupname),mainmenu) + !$EXP[HomeIsCleanMinimal] + !$EXP[HomeIsSpotlight] + !$EXP[HomeIsModern]</visible>
                </control>
            </control>

            <!-- Widget 6 -->
            <control type="grouplist" id="11000">
                <onleft>ClearProperty(skinshortcuts-Widget,Home)</onleft>
                <onleft>SetFocus(7016)</onleft>
                <onright>ClearProperty(skinshortcuts-Widget,Home)</onright>
                <onright>SetFocus(7016)</onright>
                <onback>ClearProperty(skinshortcuts-Widget,Home)</onback>
                <onup>11000</onup>
                <ondown>11000</ondown>
                <right>15</right>
                <bottom>15</bottom>
                <width>905</width>
                <height>549</height>
                <orientation>vertical</orientation>
                <itemgap>3</itemgap>
                <scrolltime>0</scrolltime>
                <visible>String.IsEqual(Window(Home).Property(skinshortcuts-Widget),6)</visible>
                <control type="button" id="11001">
                    <description>Enable</description>
                    <width>100%</width>
                    <height>66</height>
                    <include>DefDialogButtonsGradient</include>
                    <visible>String.IsEqual(Window.Property(groupname),mainmenu)</visible>
                    <texturenofocus colordiffuse="Black12" border="5">common/box.png</texturenofocus>
                    <align>left</align>
                    <label>126</label>
                    <label2>$VAR[Enable6]</label2>
                    <visible allowhiddenfocus="true">String.IsEqual(Window(Home).Property(skinshortcuts-Widget),6)</visible>
                    <onclick condition="String.IsEmpty(Container(211).ListItem.Property(widgetEnable.6)) | String.IsEqual(Container(211).ListItem.Property(widgetEnable.6),no)">SetProperty(customProperty,widgetEnable.6)</onclick>
                    <onclick condition="String.IsEmpty(Container(211).ListItem.Property(widgetEnable.6)) | String.IsEqual(Container(211).ListItem.Property(widgetEnable.6),no)">SetProperty(customValue,yes)</onclick>
                    <onclick condition="String.IsEqual(Container(211).ListItem.Property(widgetEnable.6),yes)">SetProperty(customProperty,widgetEnable.6)</onclick>
                    <onclick condition="String.IsEqual(Container(211).ListItem.Property(widgetEnable.6),yes)">SetProperty(customValue,)</onclick>
                    <onclick>SendClick(404)</onclick>
                </control>
                <control type="button" id="11002" description="Widget">
                    <width>100%</width>
                    <height>66</height>
                    <label>$LOCALIZE[31266] 6</label>
                    <label2>$VAR[LabelWidgetShortcutsName6]</label2>
                    <onclick>SetProperty(widgetID,6)</onclick>
                    <visible>String.IsEqual(Window.Property(groupname),mainmenu)</visible>
                    <texturenofocus colordiffuse="Black12" border="5">common/box.png</texturenofocus>
                    <align>left</align>
                    <include>DefDialogButtonsGradient</include>
                    <onclick>SendClick(312)</onclick>
                </control>
                <control type="button" id="411" description="Set Custom">
                    <width>100%</width>
                    <height>66</height>
                    <label>$LOCALIZE[31297]$LOCALIZE[31474]</label>
                    <texturenofocus colordiffuse="Black12" border="5">common/box.png</texturenofocus>
                    <align>left</align>
                    <animation effect="fade" start="100" end="50" time="0" condition="!String.IsEqual(Container(211).ListItem.Property(widgetEnable.6),yes)">Conditional</animation>
                    <include>DefDialogButtonsGradient</include>
                    <visible>String.IsEqual(Window(Home).Property(skinshortcuts-Widget),6) + String.IsEqual(Container(211).ListItem.Property(widget.6),custom)</visible>
                    <onclick>SetProperty(Backg,yes,Home)</onclick>
                    <onclick>SetProperty(custommenu,yes,Home)</onclick>
                    <onclick>SetProperty(level,6)</onclick>
                    <onclick>SendClick(405)</onclick>
                </control>
                <control type="radiobutton" id="11004" description="Widget Fullscreen">
                    <radioposx>845</radioposx>
                    <selected>String.IsEqual(Container(211).ListItem.Property(widgetFullscreen.6),yes) | Skin.HasSetting(homemenu.netflix)</selected>
                    <width>100%</width>
                    <height>66</height>
                    <label>$LOCALIZE[31411]</label>
                    <visible>String.IsEqual(Window.Property(groupname),mainmenu)</visible>
                    <texturenofocus colordiffuse="Black12" border="5">common/box.png</texturenofocus>
                    <align>left</align>
                    <onclick>SetProperty(customProperty,widgetFullscreen.6)</onclick>
                    <onclick condition="!String.IsEqual(Container(211).ListItem.Property(widgetFullscreen.6),yes)">SetProperty(customValue,yes)</onclick>
                    <onclick condition="String.IsEqual(Container(211).ListItem.Property(widgetFullscreen.6),yes)">SetProperty(customValue,)</onclick>
                    <onclick>SendClick(404)</onclick>
                    <include>DefDialogButtonsGradient</include>
                    <enable>[ $EXP[HomeIsModernMultiWidgets] | $EXP[HomeIsVerticalMultiWidgets] ] + !Skin.HasSetting(homemenu.netflix)</enable>
                </control>
                <control type="button" id="11005" description="Widget Aspect">
                    <width>100%</width>
                    <height>66</height>
                    <label>31261</label>
                    <label2>$VAR[LabelWidgetType6]</label2>
                    <visible>String.IsEqual(Window.Property(groupname),mainmenu)</visible>
                    <texturenofocus colordiffuse="Black12" border="5">common/box.png</texturenofocus>
                    <align>left</align>
                    <include>DefDialogButtonsGradient</include>
                    <enable>!String.IsEqual(Container(211).ListItem.Property(widgettarget.6),system) + !String.IsEqual(Container(211).ListItem.Property(widget.6),epg) + !Skin.HasSetting(homemenu.clean.flix)</enable>
                </control>
                <control type="radiobutton" id="11006" description="Widget ClearLogo">
                    <radioposx>845</radioposx>
                    <selected>!String.IsEqual(Container(211).ListItem.Property(widgetClearLogoThumb.6),no)</selected>
                    <width>100%</width>
                    <height>66</height>
                    <label>$LOCALIZE[31297]$LOCALIZE[31330]</label>
                    <visible>String.IsEqual(Window.Property(groupname),mainmenu)</visible>
                    <texturenofocus colordiffuse="Black12" border="5">common/box.png</texturenofocus>
                    <align>left</align>
                    <include>DefDialogButtonsGradient</include>
                    <visible>String.IsEqual(Container(211).ListItem.Property(widgetaspect.6),Thumbnail) | String.IsEqual(Container(211).ListItem.Property(widgetaspect.6),ThumbnailSmall)</visible>
                    <onclick>SetProperty(customProperty,widgetClearLogoThumb.6)</onclick>
                    <onclick condition="!String.IsEqual(Container(211).ListItem.Property(widgetClearLogoThumb.6),no)">SetProperty(customValue,no)</onclick>
                    <onclick condition="String.IsEqual(Container(211).ListItem.Property(widgetClearLogoThumb.6),no)">SetProperty(customValue,)</onclick>
                    <onclick>SendClick(404)</onclick>
                    <visible>!String.IsEqual(Container(211).ListItem.Property(widget.6),epg)</visible>
                </control>
                <control type="button" id="11007" description="Widget Aspect Ratio">
                    <width>100%</width>
                    <height>66</height>
                    <label>$LOCALIZE[31297]$LOCALIZE[31401]</label>
                    <label2>$VAR[LabelAspectRatio6]</label2>
                    <visible>String.IsEqual(Window.Property(groupname),mainmenu)</visible>
                    <texturenofocus colordiffuse="Black12" border="5">common/box.png</texturenofocus>
                    <align>left</align>
                    <include>DefDialogButtonsGradient</include>
                    <visible>String.IsEqual(Container(211).ListItem.Property(widgetaspect.6),Square)</visible>
                    <enable>!String.IsEqual(Container(211).ListItem.Property(widget.6),mysubmenu)</enable>
                    <visible>!String.IsEqual(Container(211).ListItem.Property(widget.6),epg) + !Skin.HasSetting(homemenu.clean.flix)</visible>
                </control>
                <control type="button" id="11008" description="Widget Edge Distance">
                    <width>100%</width>
                    <height>66</height>
                    <label>$LOCALIZE[31297]$LOCALIZE[31453]</label>
                    <label2>$VAR[LabelEdgeDistance6]</label2>
                    <visible>String.IsEqual(Window.Property(groupname),mainmenu)</visible>
                    <texturenofocus colordiffuse="Black12" border="5">common/box.png</texturenofocus>
                    <align>left</align>
                    <include>DefDialogButtonsGradient</include>
                    <visible>String.IsEqual(Container(211).ListItem.Property(widgetaspect.6),Square)</visible>
                    <visible>!String.IsEqual(Container(211).ListItem.Property(widget.6),mysubmenu) + !String.Contains(Container(211).ListItem.Property(widget.6),weather) + !String.IsEqual(Container(211).ListItem.Property(widget.6),system)</visible>
                    <visible>!String.IsEqual(Container(211).ListItem.Property(widget.6),epg) + !Skin.HasSetting(homemenu.clean.flix)</visible>
                </control>
                <control type="button" id="11009" description="Widget SortBy">
                    <width>100%</width>
                    <height>66</height>
                    <label>581</label>
                    <label2>$VAR[LabelSortBy6]</label2>
                    <visible>String.IsEqual(Window.Property(groupname),mainmenu)</visible>
                    <texturenofocus colordiffuse="Black12" border="5">common/box.png</texturenofocus>
                    <align>left</align>
                    <include>DefDialogButtonsGradient</include>
                </control>
                <control type="button" id="11010">
                    <description>Change widget 1 sort order</description>
                    <width>100%</width>
                    <height>66</height>
                    <include>DefDialogButtonsGradient</include>
                    <visible>String.IsEqual(Window.Property(groupname),mainmenu)</visible>
                    <texturenofocus colordiffuse="Black12" border="5">common/box.png</texturenofocus>
                    <align>left</align>
                    <label>580</label>
                    <label2>$VAR[LabelSort6]</label2>
                </control>
                <control type="button" id="11011">
                    <description>Enable</description>
                    <width>100%</width>
                    <height>66</height>
                    <include>DefDialogButtonsGradient</include>
                    <visible>String.IsEqual(Window.Property(groupname),mainmenu)</visible>
                    <texturenofocus colordiffuse="Black12" border="5">common/box.png</texturenofocus>
                    <align>left</align>
                    <enable>[Skin.HasSetting(home.vertical.widgets) | [Skin.HasSetting(home.modernwidgets)  + Skin.HasSetting(home.vertical.widgets)]] + !String.IsEqual(Container(211).ListItem.Property(widgetListType.6),list)</enable>
                    <label>$LOCALIZE[31340]</label>
                    <label2>$VAR[AutoScrollTime6]</label2>
                    <visible>[Skin.HasSetting(home.vertical) + Skin.HasSetting(home.vertical.widgets)] | [Skin.HasSetting(home.modernwidgets)  + Skin.HasSetting(home.vertical.widgets)]</visible>
                </control>
                <control type="button" id="41916" description="ListType">
                    <width>100%</width>
                    <height>66</height>
                    <label>$LOCALIZE[31341]</label>
                    <label2>$VAR[LabelwidgetListType.6]</label2>
                    <texturenofocus colordiffuse="Black12" border="5">common/box.png</texturenofocus>
                    <align>left</align>
                    <include>DefDialogButtonsGradient</include>
                    <visible>String.IsEqual(Window.Property(groupname),mainmenu) + !$EXP[HomeIsCleanMinimal] + !$EXP[HomeIsSpotlight] + !$EXP[HomeIsModern]</visible>
                </control>
            </control>
        </control>
        <include content="SkinShortcutsBackButton"><param name="controlid" value="7011" /><param name="setfocus" value="9101" /></include>
        <include content="SkinShortcutsBackButton"><param name="controlid" value="7012" /><param name="setfocus" value="9102" /></include>
        <include content="SkinShortcutsBackButton"><param name="controlid" value="7013" /><param name="setfocus" value="9103" /></include>
        <include content="SkinShortcutsBackButton"><param name="controlid" value="7014" /><param name="setfocus" value="9104" /></include>
        <include content="SkinShortcutsBackButton"><param name="controlid" value="7015" /><param name="setfocus" value="9105" /></include>
        <include content="SkinShortcutsBackButton"><param name="controlid" value="7016" /><param name="setfocus" value="9106" /></include>
        <control type="button" id="404">
            <visible allowhiddenfocus="true">false</visible>
        </control>
        <control type="button" id="312">
            <visible allowhiddenfocus="true">false</visible>
        </control>
        <control type="button" id="311">
            <visible allowhiddenfocus="true">false</visible>
        </control>
    </controls>
</window>