<?xml version="1.0" encoding="UTF-8"?>
<!-- Foundation -->
<window id="129">
    <defaultcontrol always="true">22</defaultcontrol>
    <controls>
        <include>GlobalOverlay</include>
        <control type="group">
            <include>Animation.FadeIn.Slide</include>
            <include>Animation.FadeOut</include>
            <posx>390</posx>
            <posy>43</posy>
            <control type="image">
                <description>background image</description>
                <posx>7</posx>
                <posy>-10</posy>
                <width>1126</width>
                <height>1018</height>
                <texture border="16" colordiffuse="White100">common/rounded-shadow8.png</texture>
            </control>
            <control type="group">
                <left>30</left>
                <top>15</top>
                <control type="label" id="2">
                    <description>Header Label</description>
                    <left>70</left>
                    <width>1000</width>
                    <posy>0</posy>
                    <include>FontTop</include>
                    <textcolor>Dark2</textcolor>
                    <label>5</label>
                </control>
                <include>PSMC_Logo</include>

                <!-- Lines -->
                <control type="image">
                    <top>70</top>
                    <left>17</left>
                    <width>385</width>
                    <height>1</height>
                    <bottom>10</bottom>
                    <colordiffuse>Black12</colordiffuse>
                    <texture>common/white.png</texture>
                </control>
            </control>
            <control type="image">
                <posx>15</posx>
                <posy>105</posy>
                <width>1110</width>
                <height>66</height>
                <texture colordiffuse="$VAR[ColorSelectOtherBar]">common/white.png</texture>
                <visible>Control.HasFocus(22)</visible>
            </control>
            <control type="button" id="22">
                <description>Set Playlist type</description>
                <posx>15</posx>
                <posy>105</posy>
                <width>1110</width>
                <label>467</label>
                <onright>22</onright>
                <onleft>22</onleft>
                <onup>9001</onup>
                <ondown>12</ondown>
                <align>left</align>
                <texturefocus border="5" colordiffuse="$VAR[ColorHighlightOtherBar]">common/gradient-box-wide.png</texturefocus>
                <texturenofocus colordiffuse="Black12" border="8">common/box.png</texturenofocus>
            </control>
            <control type="label">
                <description>Name Label</description>
                <posx>45</posx>
                <posy>174</posy>
                <width>1110</width>
                <label>21433</label>
                <textcolor>Black70</textcolor>
            </control>
            <control type="image">
                <posx>15</posx>
                <posy>243</posy>
                <width>1110</width>
                <height>66</height>
                <texture colordiffuse="$VAR[ColorSelectOtherBar]">common/white.png</texture>
                <visible>Control.HasFocus(12)</visible>
            </control>
            <control type="edit" id="12">
                <description>Name Button</description>
                <posx>15</posx>
                <posy>243</posy>
                <width>1110</width>
                <height>66</height>
                <font>Small</font>
                <align>left</align>
                <aligny>center</aligny>
                <textcolor>Black70</textcolor>
                <focusedcolor>Selected</focusedcolor>
                <label />
                <textoffsetx>30</textoffsetx>
                <texturefocus border="5" colordiffuse="$VAR[ColorHighlightOtherBar]">common/gradient-box-wide.png</texturefocus>
                <texturenofocus colordiffuse="Black12" border="8">common/box.png</texturenofocus>
                <pulseonselect>false</pulseonselect>
                <onup>22</onup>
                <onleft>12</onleft>
                <onright>12</onright>
                <ondown>10</ondown>
            </control>
            <control type="label">
                <description>rules label</description>
                <posx>45</posx>
                <posy>312</posy>
                <width>1110</width>
                <align>left</align>
                <label>21434</label>
                <textcolor>Black70</textcolor>
            </control>
            <control type="list" id="10">
                <description>Rules List Control</description>
                <posx>15</posx>
                <posy>381</posy>
                <width>840</width>
                <height>207</height>
                <onup>12</onup>
                <onleft>9000</onleft>
                <onright>9000</onright>
                <ondown>23</ondown>
                <itemlayout width="840" height="69">
                    <control type="label">
                        <posx>30</posx>
                        <posy>0</posy>
                        <width>780</width>
                        <info>ListItem.Label</info>
                    </control>
                </itemlayout>
                <focusedlayout width="840" height="69">
                    <control type="image">
                        <posx>0</posx>
                        <posy>0</posy>
                        <width>840</width>
                        <height>66</height>
                        <texture border="5" colordiffuse="$VAR[ColorSelectOtherBar]">common/box.png</texture>
                        <animation effect="fade" start="100" end="50" condition="!Control.HasFocus(10)">Conditional</animation>
                    </control>
                    <control type="image">
                        <posx>0</posx>
                        <posy>0</posy>
                        <width>840</width>
                        <height>66</height>
                        <texture border="8" colordiffuse="$VAR[ColorHighlightOtherBar]">common/gradient-box-wide.png</texture>
                        <animation effect="fade" start="100" end="50" condition="!Control.HasFocus(10)">Conditional</animation>
                    </control>
                    <control type="label">
                        <posx>30</posx>
                        <posy>0</posy>
                        <width>780</width>
                        <info>ListItem.Label</info>
                        <textcolor>Selected</textcolor>
                        <animation effect="fade" start="100" end="75" condition="!Control.HasFocus(10)">Conditional</animation>
                    </control>
                </focusedlayout>
            </control>
            <control type="group" id="9000">
                <control type="button" id="13">
                    <description>Add Rule Button</description>
                    <posx>870</posx>
                    <posy>381</posy>
                    <width>255</width>
                    <label>15019</label>
                    <onup>17</onup>
                    <onleft>10</onleft>
                    <onright>10</onright>
                    <ondown>14</ondown>
                    <texturefocus colordiffuse="$VAR[ColorHighlight]" border="5">common/box.png</texturefocus>
                    <texturenofocus colordiffuse="Black12" border="8">common/box.png</texturenofocus>
                    <include>DefDialogButtons</include>
                </control>
                <control type="button" id="14">
                    <description>Remove Rule Button</description>
                    <posx>870</posx>
                    <posy>450</posy>
                    <width>255</width>
                    <label>1210</label>
                    <onup>13</onup>
                    <onleft>10</onleft>
                    <onright>10</onright>
                    <ondown>15</ondown>
                    <texturefocus colordiffuse="$VAR[ColorHighlight]" border="5">common/box.png</texturefocus>
                    <texturenofocus colordiffuse="Black12" border="8">common/box.png</texturenofocus>
                    <include>DefDialogButtons</include>
                </control>
                <control type="button" id="15">
                    <description>Edit Rule Button</description>
                    <posx>870</posx>
                    <posy>519</posy>
                    <width>255</width>
                    <label>21435</label>
                    <onup>14</onup>
                    <onleft>10</onleft>
                    <onright>10</onright>
                    <ondown>23</ondown>
                    <texturefocus colordiffuse="$VAR[ColorHighlight]" border="5">common/box.png</texturefocus>
                    <texturenofocus colordiffuse="Black12" border="8">common/box.png</texturenofocus>
                    <include>DefDialogButtons</include>
                </control>
            </control>
            <control type="image">
                <posx>15</posx>
                <posy>588</posy>
                <width>542</width>
                <height>66</height>
                <texture colordiffuse="$VAR[ColorSelectOtherBar]" border="5">common/box.png</texture>
                <visible>Control.HasFocus(23)</visible>
            </control>
            <control type="button" id="23">
                <posx>15</posx>
                <posy>588</posy>
                <width>542</width>
                <label>$LOCALIZE[21458]</label>
                <onright>24</onright>
                <onleft>17</onleft>
                <onup>10</onup>
                <ondown>16</ondown>
                <align>left</align>
                <texturefocus border="5" colordiffuse="$VAR[ColorHighlightOtherBar]">common/gradient-box-wide.png</texturefocus>
                <texturenofocus colordiffuse="Black12" border="8">common/box.png</texturenofocus>
            </control>
            <control type="image">
                <posx>572</posx>
                <posy>588</posy>
                <width>553</width>
                <height>66</height>
                <texture colordiffuse="$VAR[ColorSelectOtherBar]" border="5">common/box.png</texture>
                <visible>Control.HasFocus(24)</visible>
            </control>
            <control type="radiobutton" id="24">
                <posx>572</posx>
                <posy>588</posy>
                <width>553</width>
                <label>$LOCALIZE[467]: $LOCALIZE[21459]</label>
                <onright>17</onright>
                <onleft>23</onleft>
                <onup>10</onup>
                <ondown>16</ondown>
                <align>left</align>
                <texturefocus border="5" colordiffuse="$VAR[ColorHighlightOtherBar]">common/gradient-box-wide.png</texturefocus>
                <texturenofocus colordiffuse="Black12" border="8">common/box.png</texturenofocus>
            </control>
            <control type="button" id="16">
                <posx>15</posx>
                <posy>657</posy>
                <width>1110</width>
                <label>21424</label>
                <onright>16</onright>
                <onleft>16</onleft>
                <onup>23</onup>
                <ondown>17</ondown>
                <align>left</align>
                <texturefocus colordiffuse="$VAR[ColorHighlight]" border="5">common/box.png</texturefocus>
                <texturenofocus colordiffuse="Black12" border="8">common/box.png</texturenofocus>
            </control>
            <control type="image">
                <posx>15</posx>
                <posy>726</posy>
                <width>1110</width>
                <height>66</height>
                <texture colordiffuse="$VAR[ColorSelectOtherBar]">common/white.png</texture>
                <visible>Control.HasFocus(17)</visible>
            </control>
            <control type="button" id="17">
                <posx>15</posx>
                <posy>726</posy>
                <width>1110</width>
                <label>21427</label>
                <onright>17</onright>
                <onleft>17</onleft>
                <onup>16</onup>
                <ondown>18</ondown>
                <align>left</align>
                <texturefocus border="5" colordiffuse="$VAR[ColorHighlightOtherBar]">common/gradient-box-wide.png</texturefocus>
                <texturenofocus colordiffuse="Black12" border="8">common/box.png</texturenofocus>
            </control>
            <control type="image">
                <posx>15</posx>
                <posy>795</posy>
                <width>840</width>
                <height>66</height>
                <texture colordiffuse="$VAR[ColorSelectOtherBar]">common/white.png</texture>
                <visible>Control.HasFocus(18)</visible>
            </control>
            <control type="button" id="18">
                <posx>15</posx>
                <posy>795</posy>
                <width>840</width>
                <label>21429</label>
                <onright>19</onright>
                <onleft>19</onleft>
                <onup>17</onup>
                <ondown>9001</ondown>
                <align>left</align>
                <texturefocus border="5" colordiffuse="$VAR[ColorHighlightOtherBar]">common/gradient-box-wide.png</texturefocus>
                <texturenofocus colordiffuse="Black12" border="8">common/box.png</texturenofocus>
            </control>
            <control type="button" id="19">
                <posx>870</posx>
                <posy>795</posy>
                <width>255</width>
                <onright>18</onright>
                <onleft>18</onleft>
                <onup>17</onup>
                <ondown>9001</ondown>
                <texturefocus colordiffuse="$VAR[ColorHighlight]" border="5">common/box.png</texturefocus>
                <texturenofocus colordiffuse="Black12" border="8">common/box.png</texturenofocus>
            </control>
            <control type="group" id="9001">
                <control type="button" id="20">
                    <description>Ok Button</description>
                    <posx>248</posx>
                    <posy>894</posy>
                    <width>300</width>
                    <label>186</label>
                    <onup>18</onup>
                    <onleft>21</onleft>
                    <onright>21</onright>
                    <ondown>22</ondown>
                    <texturefocus colordiffuse="$VAR[ColorHighlight]" border="5">common/box.png</texturefocus>
                    <texturenofocus colordiffuse="Black12" border="8">common/box.png</texturenofocus>
                    <texturenofocus colordiffuse="Black12" border="5">common/box.png</texturenofocus>
                    <include>DefDialogButtons</include>
                </control>
                <control type="button" id="21">
                    <description>Cancel Button</description>
                    <posx>593</posx>
                    <posy>894</posy>
                    <width>300</width>
                    <label>222</label>
                    <onup>18</onup>
                    <onleft>20</onleft>
                    <onright>20</onright>
                    <ondown>22</ondown>
                    <texturefocus colordiffuse="$VAR[ColorHighlight]" border="5">common/box.png</texturefocus>
                    <texturenofocus colordiffuse="Black12" border="8">common/box.png</texturenofocus>
                    <texturenofocus colordiffuse="Black12" border="5">common/box.png</texturenofocus>
                    <include>DefDialogButtons</include>
                </control>
            </control>
        </control>
    </controls>
</window>
